235055072	data/extracted/CP2017PER/BaseD/BaseR/CPVPER2017D-0127.rbf
195294750	data/extracted/CP2010ARG/BASE_AMP_DPTO/CPV200011.rbf
165083776	data/extracted/CP2010BRA/BaseR/PESSOA_RENDTOTTS.RBF
165083776	data/extracted/CP2010BRA/BaseR/PESSOA_RENDTOTSM.RBF
165083776	data/extracted/CP2010BRA/BaseR/PESSOA_RENDOUTS.RBF
165083776	data/extracted/CP2010BRA/BaseR/CD2010_188.rbf
165083776	data/extracted/CP2010BRA/BaseR/CD2010_183.rbf
165083776	data/extracted/CP2010BRA/BaseR/CD2010_182.rbf
136982360	data/extracted/CP2010ARG/BASE_AMP_DPTO/CPV200073.rbf
102736770	data/extracted/CP2010ARG/BASE_AMP_DPTO/CPV200120.rbf
85613975	data/extracted/CP2010ARG/BASE_AMP_DPTO/CPV200125.rbf
82039944	data/extracted/CP2007PER/CP2007PER/Docs/CPV2007.mpg
81097656	data/extracted/Cp2000BRA/BaseOriginal/CD1020213.RBF
81097656	data/extracted/Cp2000BRA/BaseOriginal/CD1020212.RBF
81097656	data/extracted/Cp2000BRA/BaseOriginal/CD1020210.RBF
81097656	data/extracted/Cp2000BRA/BaseOriginal/CD1020208.RBF
81097656	data/extracted/Cp2000BRA/BaseOriginal/CD1020206.RBF
81097656	data/extracted/Cp2000BRA/BaseOriginal/CD1020204.RBF
81097656	data/extracted/Cp2000BRA/BaseOriginal/CD1020202.RBF
81097656	data/extracted/Cp2000BRA/BaseOriginal/CD1020192.RBF
81097656	data/extracted/Cp2000BRA/BaseOriginal/CD1020191.RBF
81097656	data/extracted/Cp2000BRA/BaseOriginal/CD1020190.RBF
81097656	data/extracted/Cp2000BRA/BaseOriginal/CD1020189.RBF
81097656	data/extracted/Cp2000BRA/BaseOriginal/CD1020185.RBF
81097656	data/extracted/Cp2000BRA/BaseOriginal/CD1020184.RBF
81097656	data/extracted/Cp2000BRA/BaseOriginal/CD1020172.RBF
81097656	data/extracted/Cp2000BRA/BaseOriginal/CD1020134.RBF
81097656	data/extracted/Cp2000BRA/BaseOriginal/CD1020130.RBF
73454712	data/extracted/CP2017PER/BaseD/BaseR/C5P7DI.rbf
69644720	data/extracted/CP2010BRA/BaseR/PESSOA_RENDSM.RBF
68530396	data/extracted/CP2007PER/CP2007PER/BasePub/Peru0058.rbf
68530396	data/extracted/CP2007PER/CP2007PER/BasePub/Peru0056.rbf
68530396	data/extracted/CP2007PER/CP2007PER/BasePub/Peru0054.rbf
68530396	data/extracted/CP2007PER/CP2007PER/BasePub/P07CDI.rbf
68530396	data/extracted/CP2007PER/CP2007PER/BasePub/P06CDI.rbf
68530396	data/extracted/CP2007PER/CP2007PER/BasePub/P05CDI.rbf
68182856	data/extracted/Cp1991BRA/BaseOriginal/C1020136.BIN
68182856	data/extracted/Cp1991BRA/BaseOriginal/C1020133.BIN
68182856	data/extracted/Cp1991BRA/BaseOriginal/C1020131.BIN
68182856	data/extracted/Cp1991BRA/BaseOriginal/C1020129.BIN
68182856	data/extracted/Cp1991BRA/BaseOriginal/C1020127.BIN
66109240	data/extracted/CP2017PER/BaseD/BaseR/C5P6DI.rbf
66109240	data/extracted/CP2017PER/BaseD/BaseR/C5P5DI.rbf
66109240	data/extracted/CP2017PER/BaseD/BaseR/C5P15DI.rbf
63656532	data/extracted/Cp2000BRA/Celade/Variables/INDEDUBR00.RBF
61906420	data/extracted/CP2010BRA/BaseR/CD2010_147.rbf
61906420	data/extracted/CP2010BRA/BaseR/CD2010_146.rbf
61906420	data/extracted/CP2010BRA/BaseR/CD2010_145.rbf
61906420	data/extracted/CP2010BRA/BaseR/CD2010_134.rbf
61906420	data/extracted/CP2010BRA/BaseR/CD2010_132.rbf
61906420	data/extracted/CP2010BRA/BaseR/CD2010_110.rbf
61906420	data/extracted/CP2010BRA/BaseR/CD2010_109.rbf
61906420	data/extracted/CP2010BRA/BaseR/CD2010_108.rbf
61906420	data/extracted/CP2010BRA/BaseR/CD2010_093.rbf
61906420	data/extracted/CP2010BRA/BaseR/CD2010_092.rbf
61906420	data/extracted/CP2010BRA/BaseR/CD2010_091.rbf
61906420	data/extracted/CP2010BRA/BaseR/CD2010_089.rbf
61906420	data/extracted/CP2010BRA/BaseR/CD2010_088.rbf
61906420	data/extracted/CP2010BRA/BaseR/CD2010_087.rbf
61906420	data/extracted/CP2010BRA/BaseR/CD2010_083.rbf
61906420	data/extracted/CP2010BRA/BaseR/CD2010_082.rbf
58351821	data/extracted/Cp2000BRA/Celade/Variables/INDBIENBR00.RBF
53234368	data/extracted/CP2010BRA/BaseR/CD2010_063.rbf
53234368	data/extracted/CP2010BRA/BaseR/CD2010_062.rbf
51588684	data/extracted/CP2010BRA/BaseR/CD2010_143.rbf
51588684	data/extracted/CP2010BRA/BaseR/CD2010_130.rbf
51588684	data/extracted/CP2010BRA/BaseR/CD2010_127.rbf
51588684	data/extracted/CP2010BRA/BaseR/CD2010_126.rbf
51418300	data/extracted/CP2017PER/BaseD/BaseR/CPVPER2017D-0110.rbf
51418300	data/extracted/CP2017PER/BaseD/BaseR/CPVPER2017D-0109.rbf
51418300	data/extracted/CP2017PER/BaseD/BaseR/C5P7PV.rbf
49538656	data/extracted/CP2010BRA/BaseR/DOMICIL_RENDIMSM.RBF
49538656	data/extracted/CP2010BRA/BaseR/DOMICIL_PESO.RBF
49538656	data/extracted/CP2010BRA/BaseR/DOMICIL_PERCAPTAS.RBF
49538656	data/extracted/CP2010BRA/BaseR/DOMICIL_PERCAPITA.RBF
49538656	data/extracted/CP2010BRA/BaseR/DOMICIL_ALUGUELSM.RBF
49538656	data/extracted/CP2010BRA/BaseR/CD2010_021.rbf
48294636	data/extracted/Cp1991BRA/Celade/Variables/INDEDUBR91.RBF
47971276	data/extracted/CP2007PER/CP2007PER/BasePub/Peru0089.rbf
47971276	data/extracted/CP2007PER/CP2007PER/BasePub/Peru0087.rbf
47971276	data/extracted/CP2007PER/CP2007PER/BasePub/Peru0085.rbf
47971276	data/extracted/CP2007PER/CP2007PER/BasePub/Peru0081.rbf
47971276	data/extracted/CP2007PER/CP2007PER/BasePub/Peru0073.rbf
47971276	data/extracted/CP2007PER/CP2007PER/BasePub/P07CPP.rbf
47971276	data/extracted/CP2007PER/CP2007PER/BasePub/P06CPP.rbf
47971276	data/extracted/CP2007PER/CP2007PER/BasePub/P05CPP.rbf
44270083	data/extracted/Cp1991BRA/Celade/Variables/INDBIENBR91.RBF
44072828	data/extracted/CP2017PER/BaseD/BaseR/C5P6PV.rbf
44072828	data/extracted/CP2017PER/BaseD/BaseR/C5P5PV.rbf
44072828	data/extracted/CP2017PER/BaseD/BaseR/C5P15PV.rbf
43850380	data/extracted/CP2010BRA/BaseR/CD2010_185.rbf
43850380	data/extracted/CP2010BRA/BaseR/CD2010_121.rbf
42806988	data/extracted/CP2010ARG/BASE_AMP_DPTO/CPV200099.rbf
42806988	data/extracted/CP2010ARG/BASE_AMP_DPTO/CPV200097.rbf
42437688	data/extracted/Cp2000BRA/BaseOriginal/CD1020077.RBF
40548828	data/extracted/Cp2000BRA/BaseOriginal/CD1020197.RBF
40548828	data/extracted/Cp2000BRA/BaseOriginal/CD1020170.RBF
40548828	data/extracted/Cp2000BRA/BaseOriginal/CD1020120.RBF
40548828	data/extracted/Cp2000BRA/BaseOriginal/CD1020098.RBF
40535404	data/extracted/CP2017PER/BaseD/BaseR/CPVPER2017D-0005.ptr
40400092	data/extracted/CP2017PER/BaseD/BaseR/CPVPER2017D-0126.rbf
38386512	data/extracted/CP2017CHL/Docs/Manual_para-Censistas.pdf
36385940	data/extracted/CP2010ARG/BASE_AMP_DPTO/CPV200111.rbf
36112080	data/extracted/CP2010BRA/BaseR/CD2010_184.rbf
36112080	data/extracted/CP2010BRA/BaseR/CD2010_164.rbf
36112080	data/extracted/CP2010BRA/BaseR/CD2010_120.rbf
36112080	data/extracted/CP2010BRA/BaseR/CD2010_080.rbf
34265200	data/extracted/CP2007PER/CP2007PER/BasePub/P16CODOCU1.rbf
34091428	data/extracted/Cp1991BRA/BaseOriginal/C1020118.BIN
34091428	data/extracted/Cp1991BRA/BaseOriginal/C1020113.BIN
34091428	data/extracted/Cp1991BRA/BaseOriginal/C1020112.BIN
34091428	data/extracted/Cp1991BRA/BaseOriginal/C1020076.BIN
33133144	data/extracted/CP2017PER/BaseD/BaseR/CPVPER2017D-0006.ptr
30754508	data/extracted/CP2017CHL/BaseOrg16/CPV2017-1655.rbf
30754508	data/extracted/CP2017CHL/BaseOrg16/CPV2017-1641.rbf
30754508	data/extracted/CP2017CHL/BaseOrg16/CPV2017-1638.rbf
30754508	data/extracted/CP2017CHL/BaseOrg16/CPV2017-1634.rbf
30754508	data/extracted/CP2017CHL/BaseOrg16/CPV2017-1630.rbf
30754508	data/extracted/CP2017CHL/BaseOrg16/CPV2017-1625.rbf
30332564	data/extracted/CP2007PER/CP2007PER/BasePub/Peru0005.ptr
29964892	data/extracted/CP2010ARG/BASE_AMP_DPTO/CPV200122.rbf
29964892	data/extracted/CP2010ARG/BASE_AMP_DPTO/CPV200110.rbf
29964892	data/extracted/CP2010ARG/BASE_AMP_DPTO/CPV200069.rbf
29736984	data/extracted/CP2010ARG/BASE_AMP_DPTO/CPV200034.rbf
27084292	data/extracted/CP2007PER/CP2007PER/BasePub/Peru0006.ptr
26617188	data/extracted/CP2010BRA/BaseR/CD2010_007.ptr
25998300	data/extracted/CP2017CHL/BaseOrg16/CPV2017-1608.ptr
25794344	data/extracted/CP2010BRA/BaseR/PESSOA_PAISTRABA.RBF
25794344	data/extracted/CP2010BRA/BaseR/PESSOA_PAISRESIDA.RBF
25794344	data/extracted/CP2010BRA/BaseR/PESSOA_PAISNASCA.RBF
25794344	data/extracted/CP2010BRA/BaseR/PESSOA_PAISFREQA.RBF
25794344	data/extracted/CP2010BRA/BaseR/PESSOA_PAISANTA.RBF
25794344	data/extracted/CP2010BRA/BaseR/CD2010_177.rbf
25794344	data/extracted/CP2010BRA/BaseR/CD2010_159.rbf
25794344	data/extracted/CP2010BRA/BaseR/CD2010_136.rbf
25794344	data/extracted/CP2010BRA/BaseR/CD2010_106.rbf
25794344	data/extracted/CP2010BRA/BaseR/CD2010_105.rbf
25794344	data/extracted/CP2010BRA/BaseR/CD2010_104.rbf
25794344	data/extracted/CP2010BRA/BaseR/CD2010_085.rbf
25794344	data/extracted/CP2010BRA/BaseR/CD2010_084.rbf
25794344	data/extracted/CP2010BRA/BaseR/CD2010_068.rbf
25794344	data/extracted/CP2010BRA/BaseR/CD2010_067.rbf
25709152	data/extracted/CP2017PER/BaseD/BaseR/P09DISC.rbf
25709152	data/extracted/CP2017PER/BaseD/BaseR/CPVPER2017D-0114.rbf
25709152	data/extracted/CP2017PER/BaseD/BaseR/CPVPER2017D-0098.rbf
25709152	data/extracted/CP2017PER/BaseD/BaseR/CPVPER2017D-0071.rbf
25709152	data/extracted/CP2017PER/BaseD/BaseR/CPVPER2017D-0066.rbf
25709152	data/extracted/CP2017PER/BaseD/BaseR/CPVPER2017D-0061.rbf
25709152	data/extracted/CP2017PER/BaseD/BaseR/CPVPER2017D-0058.rbf
24769332	data/extracted/CP2010BRA/BaseR/CD2010_010.ptr
24769332	data/extracted/CP2010BRA/BaseR/CD2010_009.ptr
24769332	data/extracted/CP2010BRA/BaseR/CD2010_006.ptr
23985640	data/extracted/CP2007PER/CP2007PER/BasePub/Peru0088.rbf
23985640	data/extracted/CP2007PER/CP2007PER/BasePub/Peru0086.rbf
23985640	data/extracted/CP2007PER/CP2007PER/BasePub/Peru0084.rbf
23985640	data/extracted/CP2007PER/CP2007PER/BasePub/Peru0082.rbf
23985640	data/extracted/CP2007PER/CP2007PER/BasePub/Peru0080.rbf
23985640	data/extracted/CP2007PER/CP2007PER/BasePub/Peru0079.rbf
23985640	data/extracted/CP2007PER/CP2007PER/BasePub/Peru0078.rbf
23985640	data/extracted/CP2007PER/CP2007PER/BasePub/Peru0050.rbf
23543844	data/extracted/CP2010ARG/BASE_AMP_DPTO/CPV200076.rbf
22765184	data/extracted/Cp2000BRA/BaseOriginal/Familia_TOTRENDSM.rbf
22765184	data/extracted/Cp2000BRA/BaseOriginal/Familia_TOTREND.rbf
22765184	data/extracted/Cp2000BRA/BaseOriginal/Familia_PERCAPTASM.rbf
22765184	data/extracted/Cp2000BRA/BaseOriginal/Familia_PERCAPITA.rbf
22765180	data/extracted/Cp2000BRA/BaseOriginal/CD1020009.PTR
22658716	data/extracted/CP2017CHL/BaseOrg16/CPV2017-1609.ptr
22036416	data/extracted/CP2017PER/BaseD/BaseR/CPVPER2017D-0089.rbf
21967504	data/extracted/CP2017CHL/BaseOrg16/CPV2017-1640.rbf
21967504	data/extracted/CP2017CHL/BaseOrg16/CPV2017-1639.rbf
21967504	data/extracted/CP2017CHL/BaseOrg16/CPV2017-1636.rbf
21967504	data/extracted/CP2017CHL/BaseOrg16/CPV2017-1635.rbf
21967504	data/extracted/CP2017CHL/BaseOrg16/CPV2017-1632.rbf
21967504	data/extracted/CP2017CHL/BaseOrg16/CPV2017-1631.rbf
21403496	data/extracted/CP2010ARG/BASE_AMP_DPTO/CPV200078.rbf
21218852	data/extracted/Cp2000BRA/Celade/Variables/INDSECBR00.RBF
21218852	data/extracted/Cp2000BRA/BaseOriginal/Domicil_PERCAPTASM.rbf
21218852	data/extracted/Cp2000BRA/BaseOriginal/Domicil_PERCAPITA.rbf
21218852	data/extracted/Cp2000BRA/BaseOriginal/CD1020076.RBF
21218852	data/extracted/Cp2000BRA/BaseOriginal/CD1020075.RBF
21218852	data/extracted/Cp2000BRA/BaseOriginal/CD1020026.RBF
21218848	data/extracted/Cp2000BRA/BaseOriginal/CD1020008.PTR
20899124	data/extracted/CP2010BRA/BaseR/DOMICIL_PERCAPITA1.RBF
20899124	data/extracted/CP2010BRA/BaseR/CD2010_020.rbf
20274416	data/extracted/Cp2000BRA/Celade/Variables/EDAD5_BR00.RBF
20274416	data/extracted/Cp2000BRA/BaseOriginal/Pessoa_ATIVGRP.rbf
20274416	data/extracted/Cp2000BRA/BaseOriginal/CD1020228.RBF
20274416	data/extracted/Cp2000BRA/BaseOriginal/CD1020227.RBF
20274416	data/extracted/Cp2000BRA/BaseOriginal/CD1020225.RBF
20274416	data/extracted/Cp2000BRA/BaseOriginal/CD1020224.RBF
20274416	data/extracted/Cp2000BRA/BaseOriginal/CD1020223.RBF
20274416	data/extracted/Cp2000BRA/BaseOriginal/CD1020221.RBF
20274416	data/extracted/Cp2000BRA/BaseOriginal/CD1020219.RBF
20274416	data/extracted/Cp2000BRA/BaseOriginal/CD1020217.RBF
20274416	data/extracted/Cp2000BRA/BaseOriginal/CD1020216.RBF
20274416	data/extracted/Cp2000BRA/BaseOriginal/CD1020214.RBF
20274416	data/extracted/Cp2000BRA/BaseOriginal/CD1020195.RBF
20274416	data/extracted/Cp2000BRA/BaseOriginal/CD1020193.RBF
20274416	data/extracted/Cp2000BRA/BaseOriginal/CD1020151.RBF
20274416	data/extracted/Cp2000BRA/BaseOriginal/CD1020132.RBF
20274416	data/extracted/Cp2000BRA/BaseOriginal/CD1020126.RBF
20274416	data/extracted/Cp2000BRA/BaseOriginal/CD1020124.RBF
20274416	data/extracted/Cp2000BRA/BaseOriginal/CD1020122.RBF
20274416	data/extracted/Cp2000BRA/BaseOriginal/CD1020112.RBF
20274416	data/extracted/Cp2000BRA/BaseOriginal/CD1020091.RBF
19824660	data/extracted/CP2010ARG/BASE_AMP_DPTO/CPV200008.ptr
19824656	data/extracted/CP2010ARG/BASE_AMP_DPTO/CPV200050.rbf
18599504	data/extracted/CP2010ARG/BASE_AMP_DPTO/CPV200007.ptr
18577000	data/extracted/CP2010BRA/BaseR/CD2010_055.rbf
18363680	data/extracted/CP2017PER/BaseD/BaseR/P08AFILIA.rbf
18363680	data/extracted/CP2017PER/BaseD/BaseR/P03GQ15M.rbf
18363680	data/extracted/CP2017PER/BaseD/BaseR/EDQUINQ.rbf
18363680	data/extracted/CP2017PER/BaseD/BaseR/CPVPER2017D-0123.rbf
18363680	data/extracted/CP2017PER/BaseD/BaseR/CPVPER2017D-0121.rbf
18363680	data/extracted/CP2017PER/BaseD/BaseR/CPVPER2017D-0106.rbf
18056040	data/extracted/CP2010BRA/BaseR/PESSOA_UFTRABA.RBF
18056040	data/extracted/CP2010BRA/BaseR/PESSOA_UFRESIDA.RBF
18056040	data/extracted/CP2010BRA/BaseR/PESSOA_UFNASCA.RBF
18056040	data/extracted/CP2010BRA/BaseR/PESSOA_UFFREQA.RBF
18056040	data/extracted/CP2010BRA/BaseR/PESSOA_UFANTA.RBF
18056040	data/extracted/CP2010BRA/BaseR/PESSOA_RELIGIAOG.RBF
18056040	data/extracted/CP2010BRA/BaseR/PESSOA_CURSOMESTS.RBF
18056040	data/extracted/CP2010BRA/BaseR/PESSOA_CURSOGRADS.RBF
18056040	data/extracted/CP2010BRA/BaseR/PESSOA_CURSODOPUTS.RBF
18056040	data/extracted/CP2010BRA/BaseR/CD2010_181.rbf
18056040	data/extracted/CP2010BRA/BaseR/CD2010_180.rbf
18056040	data/extracted/CP2010BRA/BaseR/CD2010_179.rbf
18056040	data/extracted/CP2010BRA/BaseR/CD2010_171.rbf
18056040	data/extracted/CP2010BRA/BaseR/CD2010_169.rbf
18056040	data/extracted/CP2010BRA/BaseR/CD2010_168.rbf
18056040	data/extracted/CP2010BRA/BaseR/CD2010_167.rbf
18056040	data/extracted/CP2010BRA/BaseR/CD2010_166.rbf
18056040	data/extracted/CP2010BRA/BaseR/CD2010_163.rbf
18056040	data/extracted/CP2010BRA/BaseR/CD2010_157.rbf
18056040	data/extracted/CP2010BRA/BaseR/CD2010_156.rbf
18056040	data/extracted/CP2010BRA/BaseR/CD2010_155.rbf
18056040	data/extracted/CP2010BRA/BaseR/CD2010_153.rbf
18056040	data/extracted/CP2010BRA/BaseR/CD2010_152.rbf
18056040	data/extracted/CP2010BRA/BaseR/CD2010_151.rbf
18056040	data/extracted/CP2010BRA/BaseR/CD2010_112.rbf
18056040	data/extracted/CP2010BRA/BaseR/CD2010_069.rbf
18056040	data/extracted/CP2010BRA/BaseR/CD2010_065.rbf
17574004	data/extracted/CP2017CHL/BaseOrg16/CPV2017-1628.rbf
17437032	data/extracted/CP2010ARG/BASE_AMP_DPTO/MUNI.rbf
17437032	data/extracted/CP2010ARG/BASE_AMP_DPTO/ENTIDAD.rbf
17297936	data/extracted/Cp1991BRA/BaseOriginal/C1020067.BIN
17297936	data/extracted/Cp1991BRA/BaseOriginal/C1020064.BIN
17297936	data/extracted/Cp1991BRA/BaseOriginal/C1020063.BIN
17297932	data/extracted/Cp1991BRA/BaseOriginal/C1020070.PTR
17132600	data/extracted/CP2007PER/CP2007PER/BasePub/P17GRAMA.rbf
17132600	data/extracted/CP2007PER/CP2007PER/BasePub/P03JOVE.rbf
17132600	data/extracted/CP2007PER/CP2007PER/BasePub/P03GQ15M.rbf
17132600	data/extracted/CP2007PER/CP2007PER/BasePub/EDQUINQ.rbf
17122795	data/extracted/CP2010ARG/BASE_AMP_DPTO/CPV200109.rbf
17045716	data/extracted/Cp1991BRA/Celade/Variables/THSOBR.rbf
17045716	data/extracted/Cp1991BRA/Celade/Variables/THNACVI91.rbf
17045716	data/extracted/Cp1991BRA/Celade/Variables/EDAD5_BR91.RBF
17045716	data/extracted/Cp1991BRA/BaseOriginal/C1020160.BIN
17045716	data/extracted/Cp1991BRA/BaseOriginal/C1020150.BIN
17045716	data/extracted/Cp1991BRA/BaseOriginal/C1020148.BIN
17045716	data/extracted/Cp1991BRA/BaseOriginal/C1020147.BIN
17045716	data/extracted/Cp1991BRA/BaseOriginal/C1020146.BIN
17045716	data/extracted/Cp1991BRA/BaseOriginal/C1020145.BIN
17045716	data/extracted/Cp1991BRA/BaseOriginal/C1020125.BIN
17045716	data/extracted/Cp1991BRA/BaseOriginal/C1020122.BIN
17045716	data/extracted/Cp1991BRA/BaseOriginal/C1020121.BIN
17045716	data/extracted/Cp1991BRA/BaseOriginal/C1020120.BIN
17045716	data/extracted/Cp1991BRA/BaseOriginal/C1020117.BIN
17045716	data/extracted/Cp1991BRA/BaseOriginal/C1020110.BIN
17045716	data/extracted/Cp1991BRA/BaseOriginal/C1020107.BIN
17045716	data/extracted/Cp1991BRA/BaseOriginal/C1020106.BIN
17045716	data/extracted/Cp1991BRA/BaseOriginal/C1020105.BIN
17045716	data/extracted/Cp1991BRA/BaseOriginal/C1020104.BIN
17045716	data/extracted/Cp1991BRA/BaseOriginal/C1020101.BIN
17045716	data/extracted/Cp1991BRA/BaseOriginal/C1020100.BIN
17045716	data/extracted/Cp1991BRA/BaseOriginal/C1020099.BIN
17045716	data/extracted/Cp1991BRA/BaseOriginal/C1020098.BIN
17045716	data/extracted/Cp1991BRA/BaseOriginal/C1020097.BIN
17045716	data/extracted/Cp1991BRA/BaseOriginal/C1020096.BIN
17045716	data/extracted/Cp1991BRA/BaseOriginal/C1020095.BIN
17045716	data/extracted/Cp1991BRA/BaseOriginal/C1020094.BIN
17045716	data/extracted/Cp1991BRA/BaseOriginal/C1020093.BIN
17045716	data/extracted/Cp1991BRA/BaseOriginal/C1020092.BIN
17045716	data/extracted/Cp1991BRA/BaseOriginal/C1020091.BIN
17045716	data/extracted/Cp1991BRA/BaseOriginal/C1020090.BIN
17045716	data/extracted/Cp1991BRA/BaseOriginal/C1020089.BIN
17045716	data/extracted/Cp1991BRA/BaseOriginal/C1020088.BIN
17045716	data/extracted/Cp1991BRA/BaseOriginal/C1020087.BIN
17045716	data/extracted/Cp1991BRA/BaseOriginal/C1020086.BIN
17045716	data/extracted/Cp1991BRA/BaseOriginal/C1020085.BIN
17045716	data/extracted/Cp1991BRA/BaseOriginal/C1020084.BIN
17045716	data/extracted/Cp1991BRA/BaseOriginal/C1020082.BIN
17045716	data/extracted/Cp1991BRA/BaseOriginal/C1020079.BIN
17045716	data/extracted/Cp1991BRA/BaseOriginal/C1020074.BIN
17045716	data/extracted/Cp1991BRA/BaseOriginal/C1020073.BIN
17045716	data/extracted/Cp1991BRA/BaseOriginal/C1020072.BIN
17045716	data/extracted/Cp1991BRA/BaseOriginal/C1020071.BIN
16200871	data/extracted/CP2017PER/Docs/Guбa de Usuario del Sistema.pdf
16098220	data/extracted/Cp1991BRA/Celade/Variables/INDSECBR91.RBF
16098220	data/extracted/Cp1991BRA/BaseOriginal/C1020055.BIN
16098220	data/extracted/Cp1991BRA/BaseOriginal/C1020052.BIN
16098220	data/extracted/Cp1991BRA/BaseOriginal/C1020026.BIN
16098216	data/extracted/Cp1991BRA/BaseOriginal/C1020061.PTR
15693332	data/extracted/CP2010ARG/BASE_AMP_DPTO/LOCAL.rbf
15480832	data/extracted/CP2010BRA/BaseR/CD2010_026.rbf
15377256	data/extracted/CP2017CHL/BaseOrg16/CPV2017-1657.rbf
15377256	data/extracted/CP2017CHL/BaseOrg16/CPV2017-1656.rbf
15377256	data/extracted/CP2017CHL/BaseOrg16/CPV2017-1654.rbf
15377256	data/extracted/CP2017CHL/BaseOrg16/CPV2017-1653.rbf
15377256	data/extracted/CP2017CHL/BaseOrg16/CPV2017-1652.rbf
15377256	data/extracted/CP2017CHL/BaseOrg16/CPV2017-1651.rbf
15377256	data/extracted/CP2017CHL/BaseOrg16/CPV2017-1650.rbf
15377256	data/extracted/CP2017CHL/BaseOrg16/CPV2017-1649.rbf
15377256	data/extracted/CP2017CHL/BaseOrg16/CPV2017-1648.rbf
15377256	data/extracted/CP2017CHL/BaseOrg16/CPV2017-1647.rbf
15377256	data/extracted/CP2017CHL/BaseOrg16/CPV2017-1646.rbf
15377256	data/extracted/CP2017CHL/BaseOrg16/CPV2017-1645.rbf
15377256	data/extracted/CP2017CHL/BaseOrg16/CPV2017-1644.rbf
15377256	data/extracted/CP2017CHL/BaseOrg16/CPV2017-1643.rbf
15377256	data/extracted/CP2017CHL/BaseOrg16/CPV2017-1642.rbf
15377256	data/extracted/CP2017CHL/BaseOrg16/CPV2017-1637.rbf
15377256	data/extracted/CP2017CHL/BaseOrg16/CPV2017-1633.rbf
15377256	data/extracted/CP2017CHL/BaseOrg16/CPV2017-1629.rbf
14982448	data/extracted/CP2010ARG/BASE_AMP_DPTO/CPV200130.rbf
14982448	data/extracted/CP2010ARG/BASE_AMP_DPTO/CPV200129.rbf
14982448	data/extracted/CP2010ARG/BASE_AMP_DPTO/CPV200128.rbf
14982448	data/extracted/CP2010ARG/BASE_AMP_DPTO/CPV200127.rbf
14982448	data/extracted/CP2010ARG/BASE_AMP_DPTO/CPV200119.rbf
14982448	data/extracted/CP2010ARG/BASE_AMP_DPTO/CPV200118.rbf
14982448	data/extracted/CP2010ARG/BASE_AMP_DPTO/CPV200072.rbf
14690944	data/extracted/CP2017PER/BaseD/BaseR/CPVPER2017D-0125.rbf
14690944	data/extracted/CP2017PER/BaseD/BaseR/CPVPER2017D-0120.rbf
14690944	data/extracted/CP2017PER/BaseD/BaseR/CPVPER2017D-0119.rbf
14690944	data/extracted/CP2017PER/BaseD/BaseR/CPVPER2017D-0111.rbf
14690944	data/extracted/CP2017PER/BaseD/BaseR/CPVPER2017D-0105.rbf
14690944	data/extracted/CP2017PER/BaseD/BaseR/CPVPER2017D-0103.rbf
14690944	data/extracted/CP2017PER/BaseD/BaseR/CPVPER2017D-0093.rbf
14690944	data/extracted/CP2017PER/BaseD/BaseR/CPVPER2017D-0091.rbf
14690944	data/extracted/CP2017PER/BaseD/BaseR/CPVPER2017D-0059.rbf
14690944	data/extracted/CP2017PER/BaseD/BaseR/CPVPER2017D-0056.rbf
14388532	data/extracted/CP2007PER/CP2007PER/BasePub/Peru0044.rbf
14388532	data/extracted/CP2007PER/CP2007PER/BasePub/Peru0043.rbf
14388532	data/extracted/CP2007PER/CP2007PER/BasePub/Peru0042.rbf
13706080	data/extracted/CP2007PER/CP2007PER/BasePub/Peru0071.rbf
13706080	data/extracted/CP2007PER/CP2007PER/BasePub/Peru0067.rbf
13706080	data/extracted/CP2007PER/CP2007PER/BasePub/Peru0066.rbf
13706080	data/extracted/CP2007PER/CP2007PER/BasePub/Peru0065.rbf
13706080	data/extracted/CP2007PER/CP2007PER/BasePub/Peru0063.rbf
13706080	data/extracted/CP2007PER/CP2007PER/BasePub/Peru0051.rbf
13706080	data/extracted/CP2007PER/CP2007PER/BasePub/Peru0047.rbf
13706080	data/extracted/CP2007PER/CP2007PER/BasePub/Peru0045.rbf
13706080	data/extracted/CP2007PER/CP2007PER/BasePub/P16GOCUP.rbf
13706080	data/extracted/CP2007PER/CP2007PER/BasePub/P08AFILIA.rbf
13706080	data/extracted/CP2007PER/CP2007PER/BasePub/P01PAREN.rbf
12897172	data/extracted/CP2010BRA/BaseR/CD2010_064.rbf
12842100	data/extracted/CP2010ARG/BASE_AMP_DPTO/CPV200074.rbf
11374256	data/extracted/CP2017CHL/BaseOrg16/CPV2017-1622.rbf
11374256	data/extracted/CP2017CHL/BaseOrg16/CPV2017-1613.rbf
11018208	data/extracted/CP2017PER/BaseD/BaseR/P03ESC.rbf
11018208	data/extracted/CP2017PER/BaseD/BaseR/CPVPER2017D-0118.rbf
11018208	data/extracted/CP2017PER/BaseD/BaseR/CPVPER2017D-0112.rbf
11018208	data/extracted/CP2017PER/BaseD/BaseR/CPVPER2017D-0095.rbf
11018208	data/extracted/CP2017PER/BaseD/BaseR/CPVPER2017D-0094.rbf
11018208	data/extracted/CP2017PER/BaseD/BaseR/CPVPER2017D-0092.rbf
11018208	data/extracted/CP2017PER/BaseD/BaseR/CPVPER2017D-0088.rbf
11018208	data/extracted/CP2017PER/BaseD/BaseR/CPVPER2017D-0065.rbf
10983752	data/extracted/CP2017CHL/BaseOrg16/CPV2017-1626.rbf
10836584	data/extracted/CP2010BRA/BaseR/DOMICIL_DENSIDOR.RBF
10836584	data/extracted/CP2010BRA/BaseR/DOMICIL_DENSICOM.RBF
10701748	data/extracted/CP2010ARG/BASE_AMP_DPTO/RAMA2.rbf
10701748	data/extracted/CP2010ARG/BASE_AMP_DPTO/QCARACTER.rbf
10701748	data/extracted/CP2010ARG/BASE_AMP_DPTO/EDADQUI.rbf
10609424	data/extracted/Cp2000BRA/BaseOriginal/Domicil_Idade.rbf
10609424	data/extracted/Cp2000BRA/BaseOriginal/Domicil_DENSIDOR.rbf
10609424	data/extracted/Cp2000BRA/BaseOriginal/Domicil_DENSICOM.rbf
10317740	data/extracted/CP2010BRA/BaseR/PESSOA_CURSOMESTG.RBF
10317740	data/extracted/CP2010BRA/BaseR/PESSOA_CURSOGRADG.RBF
10317740	data/extracted/CP2010BRA/BaseR/PESSOA_CURSODOUTG.RBF
10317740	data/extracted/CP2010BRA/BaseR/CD2010_178.rbf
10317740	data/extracted/CP2010BRA/BaseR/CD2010_175.rbf
10317740	data/extracted/CP2010BRA/BaseR/CD2010_170.rbf
10317740	data/extracted/CP2010BRA/BaseR/CD2010_161.rbf
10317740	data/extracted/CP2010BRA/BaseR/CD2010_142.rbf
10317740	data/extracted/CP2010BRA/BaseR/CD2010_141.rbf
10317740	data/extracted/CP2010BRA/BaseR/CD2010_140.rbf
10317740	data/extracted/CP2010BRA/BaseR/CD2010_139.rbf
10317740	data/extracted/CP2010BRA/BaseR/CD2010_122.rbf
10317740	data/extracted/CP2010BRA/BaseR/CD2010_100.rbf
10317740	data/extracted/CP2010BRA/BaseR/CD2010_097.rbf
10317740	data/extracted/CP2010BRA/BaseR/CD2010_096.rbf
10317740	data/extracted/CP2010BRA/BaseR/CD2010_076.rbf
10317740	data/extracted/CP2010BRA/BaseR/CD2010_075.rbf
10317740	data/extracted/CP2010BRA/BaseR/CD2010_074.rbf
10317740	data/extracted/CP2010BRA/BaseR/CD2010_073.rbf
10317740	data/extracted/CP2010BRA/BaseR/CD2010_072.rbf
10317740	data/extracted/CP2010BRA/BaseR/CD2010_071.rbf
10279560	data/extracted/CP2007PER/CP2007PER/BasePub/Peru0077.rbf
10279560	data/extracted/CP2007PER/CP2007PER/BasePub/Peru0076.rbf
10279560	data/extracted/CP2007PER/CP2007PER/BasePub/Peru0075.rbf
10279560	data/extracted/CP2007PER/CP2007PER/BasePub/Peru0074.rbf
10279560	data/extracted/CP2007PER/CP2007PER/BasePub/Peru0070.rbf
10279560	data/extracted/CP2007PER/CP2007PER/BasePub/Peru0055.rbf
10279560	data/extracted/CP2007PER/CP2007PER/BasePub/P03ESC.rbf
10137208	data/extracted/Cp2000BRA/Celade/Variables/VARNIVEDU_Br2001.rbf
10137208	data/extracted/Cp2000BRA/Celade/Variables/NEDUBR00.RBF
10137208	data/extracted/Cp2000BRA/BaseOriginal/Pessoa_TRABEST.rbf
10137208	data/extracted/Cp2000BRA/BaseOriginal/Pessoa_RENDTOTSM.rbf
10137208	data/extracted/Cp2000BRA/BaseOriginal/Pessoa_RENDTODOSM.rbf
10137208	data/extracted/Cp2000BRA/BaseOriginal/Pessoa_RENDPRINSM.rbf
10137208	data/extracted/Cp2000BRA/BaseOriginal/Pessoa_RENDOUTRSM.rbf
10137208	data/extracted/Cp2000BRA/BaseOriginal/Pessoa_OCUPGRP.rbf
10137208	data/extracted/Cp2000BRA/BaseOriginal/Pessoa_GrupoId.rbf
10137208	data/extracted/Cp2000BRA/BaseOriginal/Pessoa_AnosEst.rbf
10137208	data/extracted/Cp2000BRA/BaseOriginal/CD1020178.RBF
10137208	data/extracted/Cp2000BRA/BaseOriginal/CD1020174.RBF
10137208	data/extracted/Cp2000BRA/BaseOriginal/CD1020156.RBF
10137208	data/extracted/Cp2000BRA/BaseOriginal/CD1020154.RBF
10137208	data/extracted/Cp2000BRA/BaseOriginal/CD1020146.RBF
10137208	data/extracted/Cp2000BRA/BaseOriginal/CD1020144.RBF
10137208	data/extracted/Cp2000BRA/BaseOriginal/CD1020142.RBF
10137208	data/extracted/Cp2000BRA/BaseOriginal/CD1020140.RBF
10137208	data/extracted/Cp2000BRA/BaseOriginal/CD1020138.RBF
10137208	data/extracted/Cp2000BRA/BaseOriginal/CD1020128.RBF
10137208	data/extracted/Cp2000BRA/BaseOriginal/CD1020108.RBF
10137208	data/extracted/Cp2000BRA/BaseOriginal/CD1020106.RBF
10137208	data/extracted/Cp2000BRA/BaseOriginal/CD1020104.RBF
10137208	data/extracted/Cp2000BRA/BaseOriginal/CD1020102.RBF
10137208	data/extracted/Cp2000BRA/BaseOriginal/CD1020100.RBF
10137208	data/extracted/Cp2000BRA/BaseOriginal/CD1020096.RBF
10137208	data/extracted/Cp2000BRA/BaseOriginal/CD1020093.RBF
10137208	data/extracted/Cp2000BRA/BaseOriginal/CD1020088.RBF
10137208	data/extracted/Cp2000BRA/BaseOriginal/CD1020086.RBF
8561400	data/extracted/CP2010ARG/BASE_AMP_DPTO/P1909C.rbf
8561400	data/extracted/CP2010ARG/BASE_AMP_DPTO/CPV200126.rbf
8561400	data/extracted/CP2010ARG/BASE_AMP_DPTO/CPV200121.rbf
8561400	data/extracted/CP2010ARG/BASE_AMP_DPTO/CPV200107.rbf
8561400	data/extracted/CP2010ARG/BASE_AMP_DPTO/CPV200096.rbf
8561400	data/extracted/CP2010ARG/BASE_AMP_DPTO/CPV200093.rbf
8561400	data/extracted/CP2010ARG/BASE_AMP_DPTO/CPV200086.rbf
8561400	data/extracted/CP2010ARG/BASE_AMP_DPTO/CPV200085.rbf
8561400	data/extracted/CP2010ARG/BASE_AMP_DPTO/CPV200084.rbf
8561400	data/extracted/CP2010ARG/BASE_AMP_DPTO/CPV200083.rbf
8561400	data/extracted/CP2010ARG/BASE_AMP_DPTO/CPV200081.rbf
8561400	data/extracted/CP2010ARG/BASE_AMP_DPTO/CPV200075.rbf
8561400	data/extracted/CP2010ARG/BASE_AMP_DPTO/CPV200070.rbf
8522860	data/extracted/Cp1991BRA/Celade/Variables/VARNIVEDU_Br91.rbf
8522860	data/extracted/Cp1991BRA/Celade/Variables/NEDUBR91.RBF
8522860	data/extracted/Cp1991BRA/BaseOriginal/C1020159.BIN
8522860	data/extracted/Cp1991BRA/BaseOriginal/C1020158.BIN
8522860	data/extracted/Cp1991BRA/BaseOriginal/C1020157.BIN
8522860	data/extracted/Cp1991BRA/BaseOriginal/C1020155.BIN
8522860	data/extracted/Cp1991BRA/BaseOriginal/C1020154.BIN
8522860	data/extracted/Cp1991BRA/BaseOriginal/C1020152.BIN
8522860	data/extracted/Cp1991BRA/BaseOriginal/C1020151.BIN
8522860	data/extracted/Cp1991BRA/BaseOriginal/C1020149.BIN
8522860	data/extracted/Cp1991BRA/BaseOriginal/C1020143.BIN
8522860	data/extracted/Cp1991BRA/BaseOriginal/C1020142.BIN
8522860	data/extracted/Cp1991BRA/BaseOriginal/C1020141.BIN
8522860	data/extracted/Cp1991BRA/BaseOriginal/C1020139.BIN
8522860	data/extracted/Cp1991BRA/BaseOriginal/C1020138.BIN
8522860	data/extracted/Cp1991BRA/BaseOriginal/C1020135.BIN
8522860	data/extracted/Cp1991BRA/BaseOriginal/C1020134.BIN
8522860	data/extracted/Cp1991BRA/BaseOriginal/C1020132.BIN
8522860	data/extracted/Cp1991BRA/BaseOriginal/C1020130.BIN
8522860	data/extracted/Cp1991BRA/BaseOriginal/C1020128.BIN
8522860	data/extracted/Cp1991BRA/BaseOriginal/C1020126.BIN
8522860	data/extracted/Cp1991BRA/BaseOriginal/C1020124.BIN
8522860	data/extracted/Cp1991BRA/BaseOriginal/C1020123.BIN
8522860	data/extracted/Cp1991BRA/BaseOriginal/C1020119.BIN
8522860	data/extracted/Cp1991BRA/BaseOriginal/C1020116.BIN
8522860	data/extracted/Cp1991BRA/BaseOriginal/C1020111.BIN
8522860	data/extracted/Cp1991BRA/BaseOriginal/C1020108.BIN
8522860	data/extracted/Cp1991BRA/BaseOriginal/C1020103.BIN
8522860	data/extracted/Cp1991BRA/BaseOriginal/C1020102.BIN
8522860	data/extracted/Cp1991BRA/BaseOriginal/C1020083.BIN
8522860	data/extracted/Cp1991BRA/BaseOriginal/C1020081.BIN
8522860	data/extracted/Cp1991BRA/BaseOriginal/C1020080.BIN
8522860	data/extracted/Cp1991BRA/BaseOriginal/C1020077.BIN
8522860	data/extracted/Cp1991BRA/BaseOriginal/C1020075.BIN
8322776	data/extracted/CP2010BRA/Docs/Documentacao.zip
8137284	data/extracted/CP2010ARG/BASE_AMP_DPTO/CPV200014.rbf
8137284	data/extracted/CP2010ARG/BASE_AMP_DPTO/CPV200013.rbf
8137284	data/extracted/CP2010ARG/BASE_AMP_DPTO/CPV200005.rbf
8049108	data/extracted/Cp1991BRA/BaseOriginal/C1020037.BIN
8049108	data/extracted/Cp1991BRA/BaseOriginal/C1020036.BIN
8049108	data/extracted/Cp1991BRA/BaseOriginal/C1020017.BIN
8049108	data/extracted/Cp1991BRA/BaseOriginal/C1020016.BIN
7738304	data/extracted/CP2010BRA/BaseR/CD2010_176.rbf
7738304	data/extracted/CP2010BRA/BaseR/CD2010_165.rbf
7738304	data/extracted/CP2010BRA/BaseR/CD2010_149.rbf
7738304	data/extracted/CP2010BRA/BaseR/CD2010_144.rbf
7738304	data/extracted/CP2010BRA/BaseR/CD2010_129.rbf
7738304	data/extracted/CP2010BRA/BaseR/CD2010_125.rbf
7738304	data/extracted/CP2010BRA/BaseR/CD2010_124.rbf
7738304	data/extracted/CP2010BRA/BaseR/CD2010_114.rbf
7738304	data/extracted/CP2010BRA/BaseR/CD2010_113.rbf
7738304	data/extracted/CP2010BRA/BaseR/CD2010_111.rbf
7738304	data/extracted/CP2010BRA/BaseR/CD2010_107.rbf
7738304	data/extracted/CP2010BRA/BaseR/CD2010_103.rbf
7738304	data/extracted/CP2010BRA/BaseR/CD2010_102.rbf
7738304	data/extracted/CP2010BRA/BaseR/CD2010_098.rbf
7738304	data/extracted/CP2010BRA/BaseR/CD2010_095.rbf
7738304	data/extracted/CP2010BRA/BaseR/CD2010_079.rbf
7738304	data/extracted/CP2010BRA/BaseR/CD2010_078.rbf
7738304	data/extracted/CP2010BRA/BaseR/CD2010_077.rbf
7345472	data/extracted/CP2017PER/BaseD/BaseR/PET.rbf
7345472	data/extracted/CP2017PER/BaseD/BaseR/CPVPER2017D-0124.rbf
7345472	data/extracted/CP2017PER/BaseD/BaseR/CPVPER2017D-0122.rbf
7345472	data/extracted/CP2017PER/BaseD/BaseR/CPVPER2017D-0113.rbf
7345472	data/extracted/CP2017PER/BaseD/BaseR/CPVPER2017D-0104.rbf
7345472	data/extracted/CP2017PER/BaseD/BaseR/CPVPER2017D-0102.rbf
7345472	data/extracted/CP2017PER/BaseD/BaseR/CPVPER2017D-0097.rbf
7345472	data/extracted/CP2017PER/BaseD/BaseR/CPVPER2017D-0096.rbf
7345472	data/extracted/CP2017PER/BaseD/BaseR/CPVPER2017D-0090.rbf
7345472	data/extracted/CP2017PER/BaseD/BaseR/CPVPER2017D-0087.rbf
7345472	data/extracted/CP2017PER/BaseD/BaseR/CPVPER2017D-0086.rbf
7345472	data/extracted/CP2017PER/BaseD/BaseR/CPVPER2017D-0085.rbf
7345472	data/extracted/CP2017PER/BaseD/BaseR/CPVPER2017D-0084.rbf
7345472	data/extracted/CP2017PER/BaseD/BaseR/CPVPER2017D-0083.rbf
7345472	data/extracted/CP2017PER/BaseD/BaseR/CPVPER2017D-0082.rbf
7345472	data/extracted/CP2017PER/BaseD/BaseR/CPVPER2017D-0081.rbf
7345472	data/extracted/CP2017PER/BaseD/BaseR/CPVPER2017D-0080.rbf
7345472	data/extracted/CP2017PER/BaseD/BaseR/CPVPER2017D-0079.rbf
7345472	data/extracted/CP2017PER/BaseD/BaseR/CPVPER2017D-0078.rbf
7345472	data/extracted/CP2017PER/BaseD/BaseR/CPVPER2017D-0077.rbf
7345472	data/extracted/CP2017PER/BaseD/BaseR/CPVPER2017D-0076.rbf
7345472	data/extracted/CP2017PER/BaseD/BaseR/CPVPER2017D-0075.rbf
7345472	data/extracted/CP2017PER/BaseD/BaseR/CPVPER2017D-0070.rbf
7345472	data/extracted/CP2017PER/BaseD/BaseR/CPVPER2017D-0060.rbf
7345472	data/extracted/CP2017PER/BaseD/BaseR/CPVPER2017D-0057.rbf
7345472	data/extracted/CP2017PER/BaseD/BaseR/CPVPER2017D-0055.rbf
7345472	data/extracted/CP2017PER/BaseD/BaseR/CPVPER2017D-0054.rbf
6853040	data/extracted/CP2007PER/CP2007PER/BasePub/Peru0083.rbf
6853040	data/extracted/CP2007PER/CP2007PER/BasePub/Peru0069.rbf
6853040	data/extracted/CP2007PER/CP2007PER/BasePub/Peru0068.rbf
6853040	data/extracted/CP2007PER/CP2007PER/BasePub/Peru0064.rbf
6853040	data/extracted/CP2007PER/CP2007PER/BasePub/Peru0057.rbf
6853040	data/extracted/CP2007PER/CP2007PER/BasePub/Peru0053.rbf
6853040	data/extracted/CP2007PER/CP2007PER/BasePub/Peru0052.rbf
6853040	data/extracted/CP2007PER/CP2007PER/BasePub/Peru0049.rbf
6853040	data/extracted/CP2007PER/CP2007PER/BasePub/Peru0046.rbf
6690211	data/extracted/Cp2000BRA/Documentos/DocumentaЗao/Arquivos auxiliares/ComposiЗao das Areas de PonderaЗao.txt
6421052	data/extracted/CP2010ARG/BASE_AMP_DPTO/p35c.rbf
6421052	data/extracted/CP2010ARG/BASE_AMP_DPTO/p34c.rbf
6421052	data/extracted/CP2010ARG/BASE_AMP_DPTO/P1808C.rbf
6421052	data/extracted/CP2010ARG/BASE_AMP_DPTO/EDADAGRU.rbf
6421052	data/extracted/CP2010ARG/BASE_AMP_DPTO/CPV200114.rbf
6421052	data/extracted/CP2010ARG/BASE_AMP_DPTO/CPV200113.rbf
6421052	data/extracted/CP2010ARG/BASE_AMP_DPTO/CPV200112.rbf
6421052	data/extracted/CP2010ARG/BASE_AMP_DPTO/CPV200106.rbf
6421052	data/extracted/CP2010ARG/BASE_AMP_DPTO/CPV200098.rbf
6421052	data/extracted/CP2010ARG/BASE_AMP_DPTO/CPV200095.rbf
6421052	data/extracted/CP2010ARG/BASE_AMP_DPTO/CPV200094.rbf
6421052	data/extracted/CP2010ARG/BASE_AMP_DPTO/CPV200092.rbf
6421052	data/extracted/CP2010ARG/BASE_AMP_DPTO/CPV200080.rbf
6421052	data/extracted/CP2010ARG/BASE_AMP_DPTO/CONDACT.rbf
6333660	data/extracted/CP2017PER/BaseD/BaseR/CPVPER2017D-0019.rbf
6333660	data/extracted/CP2017PER/BaseD/BaseR/CPVPER2017D-0014.rbf
6333660	data/extracted/CP2017PER/BaseD/BaseR/CPVPER2017D-0012.rbf
6333660	data/extracted/CP2017PER/BaseD/BaseR/CPVPER2017D-0005.rbf
6195208	data/extracted/CP2010ARG/BASE_AMP_DPTO/TITOT.rbf
6195208	data/extracted/CP2010ARG/BASE_AMP_DPTO/CPV200035.rbf
5924692	data/extracted/CP2007PER/CP2007PER/BasePub/H01AEQUIPO.rbf
5822512	data/extracted/CP2010BRA/BaseR/CD2010_061.rbf
5822512	data/extracted/CP2010BRA/BaseR/CD2010_060.rbf
5812344	data/extracted/CP2010ARG/BASE_AMP_DPTO/CPV200016.rbf
5691296	data/extracted/Cp2000BRA/Celade/Variables/FILTRO1.rbf
5691296	data/extracted/Cp2000BRA/BaseOriginal/Familia_TOTPES.rbf
5691296	data/extracted/Cp2000BRA/BaseOriginal/CD1020081.RBF
5691296	data/extracted/Cp2000BRA/BaseOriginal/CD1020080.RBF
5687128	data/extracted/CP2017CHL/BaseOrg16/CPV2017-1621.rbf
5687128	data/extracted/CP2017CHL/BaseOrg16/CPV2017-1620.rbf
5687128	data/extracted/CP2017CHL/BaseOrg16/CPV2017-1619.rbf
5687128	data/extracted/CP2017CHL/BaseOrg16/CPV2017-1618.rbf
5687128	data/extracted/CP2017CHL/BaseOrg16/CPV2017-1617.rbf
5687128	data/extracted/CP2017CHL/BaseOrg16/CPV2017-1616.rbf
5418292	data/extracted/CP2010BRA/BaseR/CD2010_052.rbf
5418292	data/extracted/CP2010BRA/BaseR/CD2010_031.rbf
5418292	data/extracted/CP2010BRA/BaseR/CD2010_029.rbf
5418292	data/extracted/CP2010BRA/BaseR/CD2010_024.rbf
5304712	data/extracted/Cp2000BRA/BaseOriginal/Domicil_TOTPES.rbf
5304712	data/extracted/Cp2000BRA/BaseOriginal/Domicil_ANOSEST.rbf
5304712	data/extracted/Cp2000BRA/BaseOriginal/CD1020074.RBF
5304712	data/extracted/Cp2000BRA/BaseOriginal/CD1020033.RBF
5304712	data/extracted/Cp2000BRA/BaseOriginal/CD1020028.RBF
5304712	data/extracted/Cp2000BRA/BaseOriginal/CD1020027.RBF
5177056	data/extracted/CP2017PER/BaseD/BaseR/CPVPER2017D-0049.rbf
5158872	data/extracted/CP2010BRA/BaseR/CD2010_288.rbf
5158872	data/extracted/CP2010BRA/BaseR/CD2010_287.rbf
5158872	data/extracted/CP2010BRA/BaseR/CD2010_286.rbf
5158872	data/extracted/CP2010BRA/BaseR/CD2010_285.rbf
5158872	data/extracted/CP2010BRA/BaseR/CD2010_284.rbf
5158872	data/extracted/CP2010BRA/BaseR/CD2010_283.rbf
5158872	data/extracted/CP2010BRA/BaseR/CD2010_282.rbf
5158872	data/extracted/CP2010BRA/BaseR/CD2010_281.rbf
5158872	data/extracted/CP2010BRA/BaseR/CD2010_280.rbf
5158872	data/extracted/CP2010BRA/BaseR/CD2010_279.rbf
5158872	data/extracted/CP2010BRA/BaseR/CD2010_278.rbf
5158872	data/extracted/CP2010BRA/BaseR/CD2010_277.rbf
5158872	data/extracted/CP2010BRA/BaseR/CD2010_276.rbf
5158872	data/extracted/CP2010BRA/BaseR/CD2010_275.rbf
5158872	data/extracted/CP2010BRA/BaseR/CD2010_274.rbf
5158872	data/extracted/CP2010BRA/BaseR/CD2010_273.rbf
5158872	data/extracted/CP2010BRA/BaseR/CD2010_272.rbf
5158872	data/extracted/CP2010BRA/BaseR/CD2010_271.rbf
5158872	data/extracted/CP2010BRA/BaseR/CD2010_270.rbf
5158872	data/extracted/CP2010BRA/BaseR/CD2010_269.rbf
5158872	data/extracted/CP2010BRA/BaseR/CD2010_268.rbf
5158872	data/extracted/CP2010BRA/BaseR/CD2010_267.rbf
5158872	data/extracted/CP2010BRA/BaseR/CD2010_266.rbf
5158872	data/extracted/CP2010BRA/BaseR/CD2010_265.rbf
5158872	data/extracted/CP2010BRA/BaseR/CD2010_264.rbf
5158872	data/extracted/CP2010BRA/BaseR/CD2010_263.rbf
5158872	data/extracted/CP2010BRA/BaseR/CD2010_262.rbf
5158872	data/extracted/CP2010BRA/BaseR/CD2010_261.rbf
5158872	data/extracted/CP2010BRA/BaseR/CD2010_260.rbf
5158872	data/extracted/CP2010BRA/BaseR/CD2010_259.rbf
5158872	data/extracted/CP2010BRA/BaseR/CD2010_258.rbf
5158872	data/extracted/CP2010BRA/BaseR/CD2010_257.rbf
5158872	data/extracted/CP2010BRA/BaseR/CD2010_256.rbf
5158872	data/extracted/CP2010BRA/BaseR/CD2010_255.rbf
5158872	data/extracted/CP2010BRA/BaseR/CD2010_254.rbf
5158872	data/extracted/CP2010BRA/BaseR/CD2010_253.rbf
5158872	data/extracted/CP2010BRA/BaseR/CD2010_252.rbf
5158872	data/extracted/CP2010BRA/BaseR/CD2010_251.rbf
5158872	data/extracted/CP2010BRA/BaseR/CD2010_250.rbf
5158872	data/extracted/CP2010BRA/BaseR/CD2010_249.rbf
5158872	data/extracted/CP2010BRA/BaseR/CD2010_248.rbf
5158872	data/extracted/CP2010BRA/BaseR/CD2010_247.rbf
5158872	data/extracted/CP2010BRA/BaseR/CD2010_246.rbf
5158872	data/extracted/CP2010BRA/BaseR/CD2010_245.rbf
5158872	data/extracted/CP2010BRA/BaseR/CD2010_244.rbf
5158872	data/extracted/CP2010BRA/BaseR/CD2010_243.rbf
5158872	data/extracted/CP2010BRA/BaseR/CD2010_242.rbf
5158872	data/extracted/CP2010BRA/BaseR/CD2010_241.rbf
5158872	data/extracted/CP2010BRA/BaseR/CD2010_240.rbf
5158872	data/extracted/CP2010BRA/BaseR/CD2010_239.rbf
5158872	data/extracted/CP2010BRA/BaseR/CD2010_238.rbf
5158872	data/extracted/CP2010BRA/BaseR/CD2010_237.rbf
5158872	data/extracted/CP2010BRA/BaseR/CD2010_236.rbf
5158872	data/extracted/CP2010BRA/BaseR/CD2010_235.rbf
5158872	data/extracted/CP2010BRA/BaseR/CD2010_234.rbf
5158872	data/extracted/CP2010BRA/BaseR/CD2010_233.rbf
5158872	data/extracted/CP2010BRA/BaseR/CD2010_232.rbf
5158872	data/extracted/CP2010BRA/BaseR/CD2010_231.rbf
5158872	data/extracted/CP2010BRA/BaseR/CD2010_230.rbf
5158872	data/extracted/CP2010BRA/BaseR/CD2010_229.rbf
5158872	data/extracted/CP2010BRA/BaseR/CD2010_228.rbf
5158872	data/extracted/CP2010BRA/BaseR/CD2010_227.rbf
5158872	data/extracted/CP2010BRA/BaseR/CD2010_226.rbf
5158872	data/extracted/CP2010BRA/BaseR/CD2010_225.rbf
5158872	data/extracted/CP2010BRA/BaseR/CD2010_224.rbf
5158872	data/extracted/CP2010BRA/BaseR/CD2010_223.rbf
5158872	data/extracted/CP2010BRA/BaseR/CD2010_222.rbf
5158872	data/extracted/CP2010BRA/BaseR/CD2010_221.rbf
5158872	data/extracted/CP2010BRA/BaseR/CD2010_220.rbf
5158872	data/extracted/CP2010BRA/BaseR/CD2010_219.rbf
5158872	data/extracted/CP2010BRA/BaseR/CD2010_218.rbf
5158872	data/extracted/CP2010BRA/BaseR/CD2010_217.rbf
5158872	data/extracted/CP2010BRA/BaseR/CD2010_216.rbf
5158872	data/extracted/CP2010BRA/BaseR/CD2010_215.rbf
5158872	data/extracted/CP2010BRA/BaseR/CD2010_214.rbf
5158872	data/extracted/CP2010BRA/BaseR/CD2010_213.rbf
5158872	data/extracted/CP2010BRA/BaseR/CD2010_212.rbf
5158872	data/extracted/CP2010BRA/BaseR/CD2010_211.rbf
5158872	data/extracted/CP2010BRA/BaseR/CD2010_210.rbf
5158872	data/extracted/CP2010BRA/BaseR/CD2010_209.rbf
5158872	data/extracted/CP2010BRA/BaseR/CD2010_208.rbf
5158872	data/extracted/CP2010BRA/BaseR/CD2010_207.rbf
5158872	data/extracted/CP2010BRA/BaseR/CD2010_206.rbf
5158872	data/extracted/CP2010BRA/BaseR/CD2010_205.rbf
5158872	data/extracted/CP2010BRA/BaseR/CD2010_204.rbf
5158872	data/extracted/CP2010BRA/BaseR/CD2010_203.rbf
5158872	data/extracted/CP2010BRA/BaseR/CD2010_202.rbf
5158872	data/extracted/CP2010BRA/BaseR/CD2010_201.rbf
5158872	data/extracted/CP2010BRA/BaseR/CD2010_200.rbf
5158872	data/extracted/CP2010BRA/BaseR/CD2010_199.rbf
5158872	data/extracted/CP2010BRA/BaseR/CD2010_198.rbf
5158872	data/extracted/CP2010BRA/BaseR/CD2010_197.rbf
5158872	data/extracted/CP2010BRA/BaseR/CD2010_196.rbf
5158872	data/extracted/CP2010BRA/BaseR/CD2010_195.rbf
5158872	data/extracted/CP2010BRA/BaseR/CD2010_194.rbf
5158872	data/extracted/CP2010BRA/BaseR/CD2010_193.rbf
5158872	data/extracted/CP2010BRA/BaseR/CD2010_192.rbf
5158872	data/extracted/CP2010BRA/BaseR/CD2010_191.rbf
5158872	data/extracted/CP2010BRA/BaseR/CD2010_190.rbf
5158872	data/extracted/CP2010BRA/BaseR/CD2010_189.rbf
5158872	data/extracted/CP2010BRA/BaseR/CD2010_187.rbf
5158872	data/extracted/CP2010BRA/BaseR/CD2010_186.rbf
5158872	data/extracted/CP2010BRA/BaseR/CD2010_174.rbf
5158872	data/extracted/CP2010BRA/BaseR/CD2010_173.rbf
5158872	data/extracted/CP2010BRA/BaseR/CD2010_172.rbf
5158872	data/extracted/CP2010BRA/BaseR/CD2010_162.rbf
5158872	data/extracted/CP2010BRA/BaseR/CD2010_160.rbf
5158872	data/extracted/CP2010BRA/BaseR/CD2010_158.rbf
5158872	data/extracted/CP2010BRA/BaseR/CD2010_154.rbf
5158872	data/extracted/CP2010BRA/BaseR/CD2010_150.rbf
5158872	data/extracted/CP2010BRA/BaseR/CD2010_148.rbf
5158872	data/extracted/CP2010BRA/BaseR/CD2010_138.rbf
5158872	data/extracted/CP2010BRA/BaseR/CD2010_137.rbf
5158872	data/extracted/CP2010BRA/BaseR/CD2010_123.rbf
5158872	data/extracted/CP2010BRA/BaseR/CD2010_119.rbf
5158872	data/extracted/CP2010BRA/BaseR/CD2010_118.rbf
5158872	data/extracted/CP2010BRA/BaseR/CD2010_117.rbf
5158872	data/extracted/CP2010BRA/BaseR/CD2010_116.rbf
5158872	data/extracted/CP2010BRA/BaseR/CD2010_115.rbf
5158872	data/extracted/CP2010BRA/BaseR/CD2010_101.rbf
5158872	data/extracted/CP2010BRA/BaseR/CD2010_099.rbf
5158872	data/extracted/CP2010BRA/BaseR/CD2010_094.rbf
5158872	data/extracted/CP2010BRA/BaseR/CD2010_090.rbf
5158872	data/extracted/CP2010BRA/BaseR/CD2010_086.rbf
5158872	data/extracted/CP2010BRA/BaseR/CD2010_081.rbf
5158872	data/extracted/CP2010BRA/BaseR/CD2010_070.rbf
5158872	data/extracted/CP2010BRA/BaseR/CD2010_066.rbf
5078308	data/extracted/CP2007PER/CP2007PER/BasePub/H04DISCAP.rbf
5068604	data/extracted/Cp2000BRA/Celade/Variables/PAREABR02.RBF
5068604	data/extracted/Cp2000BRA/Celade/Variables/HIJULTAN2001.rbf
5068604	data/extracted/Cp2000BRA/BaseOriginal/Pessoa_CONDOCUP.rbf
5068604	data/extracted/Cp2000BRA/BaseOriginal/Pessoa_CONDATIV.rbf
5068604	data/extracted/Cp2000BRA/BaseOriginal/CD1020226.RBF
5068604	data/extracted/Cp2000BRA/BaseOriginal/CD1020200.RBF
5068604	data/extracted/Cp2000BRA/BaseOriginal/CD1020198.RBF
5068604	data/extracted/Cp2000BRA/BaseOriginal/CD1020186.RBF
5068604	data/extracted/Cp2000BRA/BaseOriginal/CD1020181.RBF
5068604	data/extracted/Cp2000BRA/BaseOriginal/CD1020176.RBF
5068604	data/extracted/Cp2000BRA/BaseOriginal/CD1020168.RBF
5068604	data/extracted/Cp2000BRA/BaseOriginal/CD1020166.RBF
5068604	data/extracted/Cp2000BRA/BaseOriginal/CD1020164.RBF
5068604	data/extracted/Cp2000BRA/BaseOriginal/CD1020162.RBF
5068604	data/extracted/Cp2000BRA/BaseOriginal/CD1020160.RBF
5068604	data/extracted/Cp2000BRA/BaseOriginal/CD1020158.RBF
5068604	data/extracted/Cp2000BRA/BaseOriginal/CD1020152.RBF
5068604	data/extracted/Cp2000BRA/BaseOriginal/CD1020148.RBF
5068604	data/extracted/Cp2000BRA/BaseOriginal/CD1020136.RBF
5068604	data/extracted/Cp2000BRA/BaseOriginal/CD1020118.RBF
5068604	data/extracted/Cp2000BRA/BaseOriginal/CD1020116.RBF
5068604	data/extracted/Cp2000BRA/BaseOriginal/CD1020114.RBF
5068604	data/extracted/Cp2000BRA/BaseOriginal/CD1020110.RBF
5068604	data/extracted/Cp2000BRA/BaseOriginal/CD1020095.RBF
5068604	data/extracted/Cp2000BRA/BaseOriginal/CD1020084.RBF
5066928	data/extracted/CP2017PER/BaseD/BaseR/NC2P6.rbf
5066928	data/extracted/CP2017PER/BaseD/BaseR/CPVPER2017D-0017.rbf
5066928	data/extracted/CP2017PER/BaseD/BaseR/CPVPER2017D-0013.rbf
5066928	data/extracted/CP2017PER/BaseD/BaseR/CPVPER2017D-0010.rbf
5066928	data/extracted/CP2017PER/BaseD/BaseR/CPVPER2017D-0009.rbf
5066928	data/extracted/CP2017PER/BaseD/BaseR/CPVPER2017D-0008.rbf
5066928	data/extracted/CP2017PER/BaseD/BaseR/CPVPER2017D-0007.rbf
5066928	data/extracted/CP2017PER/BaseD/BaseR/CPVPER2017D-0006.rbf
4956596	data/extracted/CP2017CHL/BaseOrg16/CPV2017-1624.rbf
4956596	data/extracted/CP2017CHL/BaseOrg16/CPV2017-1623.rbf
4739464	data/extracted/CP2007PER/CP2007PER/BasePub/Peru0017.rbf
4739464	data/extracted/CP2007PER/CP2007PER/BasePub/Peru0014.rbf
4739464	data/extracted/CP2007PER/CP2007PER/BasePub/Peru0012.rbf
4739464	data/extracted/CP2007PER/CP2007PER/BasePub/Peru0006.rbf
4593905	data/extracted/CP2017CHL/Docs/Presentacion_Resultados_Definitivos_Censo2017.pdf
4393504	data/extracted/CP2017CHL/BaseOrg16/CPV2017-1627.rbf
4336644	data/extracted/CP2010ARG/BASE_AMP_DPTO/OCUPADOS.rbf
4336644	data/extracted/CP2010ARG/BASE_AMP_DPTO/CPV200068.rbf
4336644	data/extracted/CP2010ARG/BASE_AMP_DPTO/CPV200060.rbf
4336644	data/extracted/CP2010ARG/BASE_AMP_DPTO/CPV200058.rbf
4336644	data/extracted/CP2010ARG/BASE_AMP_DPTO/CPV200057.rbf
4280700	data/extracted/CP2010ARG/BASE_AMP_DPTO/P2010C.rbf
4280700	data/extracted/CP2010ARG/BASE_AMP_DPTO/JEFEBAJAED.rbf
4280700	data/extracted/CP2010ARG/BASE_AMP_DPTO/CPV200124.rbf
4280700	data/extracted/CP2010ARG/BASE_AMP_DPTO/CPV200123.rbf
4280700	data/extracted/CP2010ARG/BASE_AMP_DPTO/CPV200117.rbf
4280700	data/extracted/CP2010ARG/BASE_AMP_DPTO/CPV200116.rbf
4280700	data/extracted/CP2010ARG/BASE_AMP_DPTO/CPV200115.rbf
4280700	data/extracted/CP2010ARG/BASE_AMP_DPTO/CPV200108.rbf
4280700	data/extracted/CP2010ARG/BASE_AMP_DPTO/CPV200105.rbf
4280700	data/extracted/CP2010ARG/BASE_AMP_DPTO/CPV200104.rbf
4280700	data/extracted/CP2010ARG/BASE_AMP_DPTO/CPV200103.rbf
4280700	data/extracted/CP2010ARG/BASE_AMP_DPTO/CPV200102.rbf
4280700	data/extracted/CP2010ARG/BASE_AMP_DPTO/CPV200101.rbf
4280700	data/extracted/CP2010ARG/BASE_AMP_DPTO/CPV200100.rbf
4280700	data/extracted/CP2010ARG/BASE_AMP_DPTO/CPV200091.rbf
4280700	data/extracted/CP2010ARG/BASE_AMP_DPTO/CPV200090.rbf
4280700	data/extracted/CP2010ARG/BASE_AMP_DPTO/CPV200089.rbf
4280700	data/extracted/CP2010ARG/BASE_AMP_DPTO/CPV200088.rbf
4280700	data/extracted/CP2010ARG/BASE_AMP_DPTO/CPV200087.rbf
4280700	data/extracted/CP2010ARG/BASE_AMP_DPTO/CPV200082.rbf
4280700	data/extracted/CP2010ARG/BASE_AMP_DPTO/CPV200079.rbf
4280700	data/extracted/CP2010ARG/BASE_AMP_DPTO/CPV200077.rbf
4280700	data/extracted/CP2010ARG/BASE_AMP_DPTO/CPV200071.rbf
4261432	data/extracted/Cp1991BRA/Celade/Variables/PURBRURBR91.RBF
4261432	data/extracted/Cp1991BRA/Celade/Variables/HIJULTAN.rbf
4261432	data/extracted/Cp1991BRA/BaseOriginal/C1020156.BIN
4261432	data/extracted/Cp1991BRA/BaseOriginal/C1020153.BIN
4261432	data/extracted/Cp1991BRA/BaseOriginal/C1020144.BIN
4261432	data/extracted/Cp1991BRA/BaseOriginal/C1020140.BIN
4261432	data/extracted/Cp1991BRA/BaseOriginal/C1020137.BIN
4261432	data/extracted/Cp1991BRA/BaseOriginal/C1020115.BIN
4261432	data/extracted/Cp1991BRA/BaseOriginal/C1020114.BIN
4261432	data/extracted/Cp1991BRA/BaseOriginal/C1020109.BIN
4261432	data/extracted/Cp1991BRA/BaseOriginal/C1020078.BIN
4231924	data/extracted/CP2007PER/CP2007PER/BasePub/H01BSERV.rbf
4141644	data/extracted/CP2017PER/BaseD/BaseR/CPVPER2017D-0021.rbf
4133031	data/extracted/CP2007PER/CP2007PER/Docs/Perfil Sociodemografico del Peru.pdf
4068644	data/extracted/CP2010ARG/BASE_AMP_DPTO/CPV200032.rbf
4068644	data/extracted/CP2010ARG/BASE_AMP_DPTO/CPV200015.rbf
4068644	data/extracted/CP2010ARG/BASE_AMP_DPTO/CPV200009.rbf
4024556	data/extracted/Cp1991BRA/BaseOriginal/C1020033.BIN
3802201	data/extracted/CP2007PER/CP2007PER/Docs/Guia de Usuario del Sistema.pdf
3800196	data/extracted/CP2017PER/BaseD/BaseR/CPVPER2017D-0020.rbf
3800196	data/extracted/CP2017PER/BaseD/BaseR/CPVPER2017D-0016.rbf
3791572	data/extracted/CP2007PER/CP2007PER/BasePub/Peru0013.rbf
3791572	data/extracted/CP2007PER/CP2007PER/BasePub/Peru0010.rbf
3791572	data/extracted/CP2007PER/CP2007PER/BasePub/Peru0009.rbf
3791572	data/extracted/CP2007PER/CP2007PER/BasePub/Peru0008.rbf
3791572	data/extracted/CP2007PER/CP2007PER/BasePub/Peru0007.rbf
3791572	data/extracted/CP2007PER/CP2007PER/BasePub/Peru0005.rbf
3791572	data/extracted/CP2007PER/CP2007PER/BasePub/Peru0003.rbf
3385540	data/extracted/CP2007PER/CP2007PER/BasePub/Peru0035.rbf
3385540	data/extracted/CP2007PER/CP2007PER/BasePub/Peru0034.rbf
3385540	data/extracted/CP2007PER/CP2007PER/BasePub/Peru0033.rbf
3385540	data/extracted/CP2007PER/CP2007PER/BasePub/Peru0019.rbf
3275312	data/extracted/CP2017CHL/Docs/presentacion_de_la_segunda_entrega_de_resultados_censo2017.pdf
3249788	data/extracted/CP2017CHL/BaseOrg16/CPV2017-1614.rbf
3097604	data/extracted/CP2010ARG/BASE_AMP_DPTO/TIPOHOGAR.rbf
3097604	data/extracted/CP2010ARG/BASE_AMP_DPTO/CPV200047.rbf
3097604	data/extracted/CP2010ARG/BASE_AMP_DPTO/CPV200046.rbf
3096168	data/extracted/CP2010BRA/BaseR/CD2010_053.rbf
3096168	data/extracted/CP2010BRA/BaseR/CD2010_038.rbf
3096168	data/extracted/CP2010BRA/BaseR/CD2010_036.rbf
3096168	data/extracted/CP2010BRA/BaseR/CD2010_033.rbf
3096168	data/extracted/CP2010BRA/BaseR/CD2010_028.rbf
2965504	data/extracted/Cp2000BRA/Documentos/DocumentaЗao/Arquivos auxiliares/Divisao Territorial Brasileira.xls
2845648	data/extracted/Cp2000BRA/BaseOriginal/Familia_TIPOFAM.rbf
2845648	data/extracted/Cp2000BRA/BaseOriginal/Familia_RENDSMC.rbf
2845648	data/extracted/Cp2000BRA/BaseOriginal/Familia_PERCAPTAC.rbf
2845648	data/extracted/Cp2000BRA/BaseOriginal/Familia_GrupoId.rbf
2845648	data/extracted/Cp2000BRA/BaseOriginal/Familia_Cor.rbf
2845648	data/extracted/Cp2000BRA/BaseOriginal/Familia_ANOSESTC.rbf
2845648	data/extracted/Cp2000BRA/BaseOriginal/CD1020082.RBF
2843680	data/extracted/CP2007PER/CP2007PER/BasePub/Peru0018.rbf
2843680	data/extracted/CP2007PER/CP2007PER/BasePub/Peru0015.rbf
2652356	data/extracted/Cp2000BRA/Celade/Variables/QUINBURB_BR00.RBF
2652356	data/extracted/Cp2000BRA/Celade/Variables/QUINBRUR_BR00.RBF
2652356	data/extracted/Cp2000BRA/Celade/Variables/INDSOCURBR.rbf
2652356	data/extracted/Cp2000BRA/Celade/Variables/INDSOCTOTA.rbf
2652356	data/extracted/Cp2000BRA/Celade/Variables/HNEDUBR00.RBF
2652356	data/extracted/Cp2000BRA/BaseOriginal/Domicil_RENDSMC.rbf
2652356	data/extracted/Cp2000BRA/BaseOriginal/Domicil_PERCAPTAC.rbf
2652356	data/extracted/Cp2000BRA/BaseOriginal/Domicil_GrupoId.rbf
2652356	data/extracted/Cp2000BRA/BaseOriginal/Domicil_DENSIDORC.rbf
2652356	data/extracted/Cp2000BRA/BaseOriginal/Domicil_DENSICOMC.rbf
2652356	data/extracted/Cp2000BRA/BaseOriginal/Domicil_Cor.rbf
2652356	data/extracted/Cp2000BRA/BaseOriginal/Domicil_ANOSESTC.rbf
2652356	data/extracted/Cp2000BRA/BaseOriginal/CD1020072.RBF
2652356	data/extracted/Cp2000BRA/BaseOriginal/CD1020070.RBF
2652356	data/extracted/Cp2000BRA/BaseOriginal/CD1020068.RBF
2652356	data/extracted/Cp2000BRA/BaseOriginal/CD1020050.RBF
2652356	data/extracted/Cp2000BRA/BaseOriginal/CD1020048.RBF
2652356	data/extracted/Cp2000BRA/BaseOriginal/CD1020045.RBF
2652356	data/extracted/Cp2000BRA/BaseOriginal/CD1020037.RBF
2652356	data/extracted/Cp2000BRA/BaseOriginal/CD1020035.RBF
2652356	data/extracted/Cp2000BRA/BaseOriginal/CD1020025.RBF
2652356	data/extracted/Cp2000BRA/BaseOriginal/CD1020023.RBF
2621680	data/extracted/CP2010ARG/BASE_AMP_DPTO/CPV2010Ampliado.~dicx
2534304	data/extracted/Cp2000BRA/BaseOriginal/CD1020222.RBF
2534304	data/extracted/Cp2000BRA/BaseOriginal/CD1020220.RBF
2534304	data/extracted/Cp2000BRA/BaseOriginal/CD1020218.RBF
2534304	data/extracted/Cp2000BRA/BaseOriginal/CD1020215.RBF
2534304	data/extracted/Cp2000BRA/BaseOriginal/CD1020211.RBF
2534304	data/extracted/Cp2000BRA/BaseOriginal/CD1020209.RBF
2534304	data/extracted/Cp2000BRA/BaseOriginal/CD1020207.RBF
2534304	data/extracted/Cp2000BRA/BaseOriginal/CD1020205.RBF
2534304	data/extracted/Cp2000BRA/BaseOriginal/CD1020203.RBF
2534304	data/extracted/Cp2000BRA/BaseOriginal/CD1020201.RBF
2534304	data/extracted/Cp2000BRA/BaseOriginal/CD1020199.RBF
2534304	data/extracted/Cp2000BRA/BaseOriginal/CD1020196.RBF
2534304	data/extracted/Cp2000BRA/BaseOriginal/CD1020194.RBF
2534304	data/extracted/Cp2000BRA/BaseOriginal/CD1020188.RBF
2534304	data/extracted/Cp2000BRA/BaseOriginal/CD1020187.RBF
2534304	data/extracted/Cp2000BRA/BaseOriginal/CD1020183.RBF
2534304	data/extracted/Cp2000BRA/BaseOriginal/CD1020182.RBF
2534304	data/extracted/Cp2000BRA/BaseOriginal/CD1020180.RBF
2534304	data/extracted/Cp2000BRA/BaseOriginal/CD1020179.RBF
2534304	data/extracted/Cp2000BRA/BaseOriginal/CD1020177.RBF
2534304	data/extracted/Cp2000BRA/BaseOriginal/CD1020175.RBF
2534304	data/extracted/Cp2000BRA/BaseOriginal/CD1020173.RBF
2534304	data/extracted/Cp2000BRA/BaseOriginal/CD1020171.RBF
2534304	data/extracted/Cp2000BRA/BaseOriginal/CD1020169.RBF
2534304	data/extracted/Cp2000BRA/BaseOriginal/CD1020167.RBF
2534304	data/extracted/Cp2000BRA/BaseOriginal/CD1020165.RBF
2534304	data/extracted/Cp2000BRA/BaseOriginal/CD1020163.RBF
2534304	data/extracted/Cp2000BRA/BaseOriginal/CD1020161.RBF
2534304	data/extracted/Cp2000BRA/BaseOriginal/CD1020159.RBF
2534304	data/extracted/Cp2000BRA/BaseOriginal/CD1020157.RBF
2534304	data/extracted/Cp2000BRA/BaseOriginal/CD1020155.RBF
2534304	data/extracted/Cp2000BRA/BaseOriginal/CD1020153.RBF
2534304	data/extracted/Cp2000BRA/BaseOriginal/CD1020150.RBF
2534304	data/extracted/Cp2000BRA/BaseOriginal/CD1020149.RBF
2534304	data/extracted/Cp2000BRA/BaseOriginal/CD1020147.RBF
2534304	data/extracted/Cp2000BRA/BaseOriginal/CD1020145.RBF
2534304	data/extracted/Cp2000BRA/BaseOriginal/CD1020143.RBF
2534304	data/extracted/Cp2000BRA/BaseOriginal/CD1020141.RBF
2534304	data/extracted/Cp2000BRA/BaseOriginal/CD1020139.RBF
2534304	data/extracted/Cp2000BRA/BaseOriginal/CD1020137.RBF
2534304	data/extracted/Cp2000BRA/BaseOriginal/CD1020135.RBF
2534304	data/extracted/Cp2000BRA/BaseOriginal/CD1020133.RBF
2534304	data/extracted/Cp2000BRA/BaseOriginal/CD1020131.RBF
2534304	data/extracted/Cp2000BRA/BaseOriginal/CD1020129.RBF
2534304	data/extracted/Cp2000BRA/BaseOriginal/CD1020127.RBF
2534304	data/extracted/Cp2000BRA/BaseOriginal/CD1020125.RBF
2534304	data/extracted/Cp2000BRA/BaseOriginal/CD1020123.RBF
2534304	data/extracted/Cp2000BRA/BaseOriginal/CD1020121.RBF
2534304	data/extracted/Cp2000BRA/BaseOriginal/CD1020119.RBF
2534304	data/extracted/Cp2000BRA/BaseOriginal/CD1020117.RBF
2534304	data/extracted/Cp2000BRA/BaseOriginal/CD1020115.RBF
2534304	data/extracted/Cp2000BRA/BaseOriginal/CD1020113.RBF
2534304	data/extracted/Cp2000BRA/BaseOriginal/CD1020111.RBF
2534304	data/extracted/Cp2000BRA/BaseOriginal/CD1020109.RBF
2534304	data/extracted/Cp2000BRA/BaseOriginal/CD1020107.RBF
2534304	data/extracted/Cp2000BRA/BaseOriginal/CD1020105.RBF
2534304	data/extracted/Cp2000BRA/BaseOriginal/CD1020103.RBF
2534304	data/extracted/Cp2000BRA/BaseOriginal/CD1020101.RBF
2534304	data/extracted/Cp2000BRA/BaseOriginal/CD1020099.RBF
2534304	data/extracted/Cp2000BRA/BaseOriginal/CD1020097.RBF
2534304	data/extracted/Cp2000BRA/BaseOriginal/CD1020094.RBF
2534304	data/extracted/Cp2000BRA/BaseOriginal/CD1020092.RBF
2534304	data/extracted/Cp2000BRA/BaseOriginal/CD1020090.RBF
2534304	data/extracted/Cp2000BRA/BaseOriginal/CD1020089.RBF
2534304	data/extracted/Cp2000BRA/BaseOriginal/CD1020087.RBF
2534304	data/extracted/Cp2000BRA/BaseOriginal/CD1020085.RBF
2534304	data/extracted/Cp2000BRA/BaseOriginal/CD1020083.RBF
2533464	data/extracted/CP2017PER/BaseD/BaseR/TOTELD.rbf
2533464	data/extracted/CP2017PER/BaseD/BaseR/CPVPER2017D-0018.rbf
2533464	data/extracted/CP2017PER/BaseD/BaseR/CPVPER2017D-0015.rbf
2533464	data/extracted/CP2017PER/BaseD/BaseR/CPVPER2017D-0011.rbf
2533464	data/extracted/CP2017PER/BaseD/BaseR/CPVPER2017D-0004.rbf
2533464	data/extracted/CP2017PER/BaseD/BaseR/CPVPER2017D-0003.rbf
2478084	data/extracted/CP2010ARG/BASE_AMP_DPTO/V01H.rbf
2478084	data/extracted/CP2010ARG/BASE_AMP_DPTO/TOTPERS.rbf
2478084	data/extracted/CP2010ARG/BASE_AMP_DPTO/CPV200055.rbf
2478084	data/extracted/CP2010ARG/BASE_AMP_DPTO/CPV200045.rbf
2478084	data/extracted/CP2010ARG/BASE_AMP_DPTO/CPV200037.rbf
2437344	data/extracted/CP2017CHL/BaseOrg16/CPV2017-1615.rbf
2324940	data/extracted/CP2010ARG/BASE_AMP_DPTO/CPV200033.rbf
2324940	data/extracted/CP2010ARG/BASE_AMP_DPTO/CPV200010.rbf
2324940	data/extracted/CP2010ARG/BASE_AMP_DPTO/CPV200008.rbf
2324940	data/extracted/CP2010ARG/BASE_AMP_DPTO/CPV200007.rbf
2322128	data/extracted/CP2010BRA/BaseR/CD2010_059.rbf
2322128	data/extracted/CP2010BRA/BaseR/CD2010_040.rbf
2322128	data/extracted/CP2010BRA/BaseR/CD2010_039.rbf
2322128	data/extracted/CP2010BRA/BaseR/CD2010_037.rbf
2322128	data/extracted/CP2010BRA/BaseR/CD2010_035.rbf
2322128	data/extracted/CP2010BRA/BaseR/CD2010_025.rbf
2322128	data/extracted/CP2010BRA/BaseR/CD2010_023.rbf
2297323	data/extracted/CP2017PER/BaseD/BaseR/CPVPER2017D.dicX
2162244	data/extracted/Cp1991BRA/BaseOriginal/C1020069.BIN
2162244	data/extracted/Cp1991BRA/BaseOriginal/C1020068.BIN
2162244	data/extracted/Cp1991BRA/BaseOriginal/C1020066.BIN
2162244	data/extracted/Cp1991BRA/BaseOriginal/C1020065.BIN
2162244	data/extracted/Cp1991BRA/BaseOriginal/C1020062.BIN
2162244	data/extracted/Cp1991BRA/BaseOriginal/C1020040.BIN
2070824	data/extracted/CP2017PER/BaseD/BaseR/SEXJEF.rbf
2070824	data/extracted/CP2017PER/BaseD/BaseR/SEXCON.rbf
2070824	data/extracted/CP2017PER/BaseD/BaseR/CPVPER2017D-0048.rbf
2070824	data/extracted/CP2017PER/BaseD/BaseR/CPVPER2017D-0047.rbf
2070824	data/extracted/CP2017PER/BaseD/BaseR/CPVPER2017D-0046.rbf
2070824	data/extracted/CP2017PER/BaseD/BaseR/CPVPER2017D-0045.rbf
2070824	data/extracted/CP2017PER/BaseD/BaseR/CPVPER2017D-0044.rbf
2070824	data/extracted/CP2017PER/BaseD/BaseR/CPVPER2017D-0043.rbf
2070824	data/extracted/CP2017PER/BaseD/BaseR/CPVPER2017D-0042.rbf
2070824	data/extracted/CP2017PER/BaseD/BaseR/CPVPER2017D-0041.rbf
2070824	data/extracted/CP2017PER/BaseD/BaseR/CPVPER2017D-0040.rbf
2070824	data/extracted/CP2017PER/BaseD/BaseR/CPVPER2017D-0039.rbf
2070824	data/extracted/CP2017PER/BaseD/BaseR/CPVPER2017D-0038.rbf
2070824	data/extracted/CP2017PER/BaseD/BaseR/CPVPER2017D-0037.rbf
2070824	data/extracted/CP2017PER/BaseD/BaseR/CPVPER2017D-0036.rbf
2070824	data/extracted/CP2017PER/BaseD/BaseR/CPVPER2017D-0035.rbf
2070824	data/extracted/CP2017PER/BaseD/BaseR/CPVPER2017D-0034.rbf
2070824	data/extracted/CP2017PER/BaseD/BaseR/CPVPER2017D-0033.rbf
2070824	data/extracted/CP2017PER/BaseD/BaseR/CPVPER2017D-0032.rbf
2070824	data/extracted/CP2017PER/BaseD/BaseR/CPVPER2017D-0031.rbf
2070824	data/extracted/CP2017PER/BaseD/BaseR/CPVPER2017D-0030.rbf
2070824	data/extracted/CP2017PER/BaseD/BaseR/CPVPER2017D-0029.rbf
2070824	data/extracted/CP2017PER/BaseD/BaseR/CPVPER2017D-0028.rbf
2070824	data/extracted/CP2017PER/BaseD/BaseR/CPVPER2017D-0027.rbf
2070824	data/extracted/CP2017PER/BaseD/BaseR/CPVPER2017D-0026.rbf
2070824	data/extracted/CP2017PER/BaseD/BaseR/CPVPER2017D-0025.rbf
2070824	data/extracted/CP2017PER/BaseD/BaseR/CPVPER2017D-0024.rbf
2070824	data/extracted/CP2017PER/BaseD/BaseR/CPVPER2017D-0023.rbf
2070824	data/extracted/CP2017PER/BaseD/BaseR/CPVPER2017D-0022.rbf
2063946	data/extracted/CP2017CHL/Docs/Manual_de_usuario_Censo_2017_(16R).pdf
2012280	data/extracted/Cp1991BRA/Celade/Variables/QUINBURB_BR91.RBF
2012280	data/extracted/Cp1991BRA/Celade/Variables/QUINBRUR_BR91.RBF
2012280	data/extracted/Cp1991BRA/Celade/Variables/INDSOCURBR.rbf
2012280	data/extracted/Cp1991BRA/Celade/Variables/INDSOCTOTA.rbf
2012280	data/extracted/Cp1991BRA/Celade/Variables/HNEDUBR91.RBF
2012280	data/extracted/Cp1991BRA/BaseOriginal/C1020058.BIN
2012280	data/extracted/Cp1991BRA/BaseOriginal/C1020056.BIN
2012280	data/extracted/Cp1991BRA/BaseOriginal/C1020054.BIN
2012280	data/extracted/Cp1991BRA/BaseOriginal/C1020051.BIN
2012280	data/extracted/Cp1991BRA/BaseOriginal/C1020050.BIN
2012280	data/extracted/Cp1991BRA/BaseOriginal/C1020047.BIN
2012280	data/extracted/Cp1991BRA/BaseOriginal/C1020046.BIN
2012280	data/extracted/Cp1991BRA/BaseOriginal/C1020045.BIN
2012280	data/extracted/Cp1991BRA/BaseOriginal/C1020044.BIN
2012280	data/extracted/Cp1991BRA/BaseOriginal/C1020038.BIN
2012280	data/extracted/Cp1991BRA/BaseOriginal/C1020035.BIN
2012280	data/extracted/Cp1991BRA/BaseOriginal/C1020034.BIN
2012280	data/extracted/Cp1991BRA/BaseOriginal/C1020032.BIN
2012280	data/extracted/Cp1991BRA/BaseOriginal/C1020031.BIN
2012280	data/extracted/Cp1991BRA/BaseOriginal/C1020030.BIN
2012280	data/extracted/Cp1991BRA/BaseOriginal/C1020028.BIN
2012280	data/extracted/Cp1991BRA/BaseOriginal/C1020025.BIN
2012280	data/extracted/Cp1991BRA/BaseOriginal/C1020024.BIN
2012280	data/extracted/Cp1991BRA/BaseOriginal/C1020023.BIN
2012280	data/extracted/Cp1991BRA/BaseOriginal/C1020021.BIN
1974374	data/extracted/CP2007PER/CP2007PER/BasePub/CPV2007PER_PUB.dicx
1909598	data/extracted/CP2017PER/Docs/CВdula Censal.pdf
1895788	data/extracted/CP2007PER/CP2007PER/BasePub/TOTELD.rbf
1895788	data/extracted/CP2007PER/CP2007PER/BasePub/Peru0016.rbf
1895788	data/extracted/CP2007PER/CP2007PER/BasePub/Peru0011.rbf
1895788	data/extracted/CP2007PER/CP2007PER/BasePub/Peru0004.rbf
1858564	data/extracted/CP2010ARG/BASE_AMP_DPTO/PROP.rbf
1858564	data/extracted/CP2010ARG/BASE_AMP_DPTO/HINMAT.rbf
1858564	data/extracted/CP2010ARG/BASE_AMP_DPTO/HINCALSERV.rbf
1858564	data/extracted/CP2010ARG/BASE_AMP_DPTO/HINCALCONS.rbf
1858564	data/extracted/CP2010ARG/BASE_AMP_DPTO/HACINAMIEN.rbf
1858564	data/extracted/CP2010ARG/BASE_AMP_DPTO/CPV200065.rbf
1858564	data/extracted/CP2010ARG/BASE_AMP_DPTO/CPV200064.rbf
1858564	data/extracted/CP2010ARG/BASE_AMP_DPTO/CPV200063.rbf
1858564	data/extracted/CP2010ARG/BASE_AMP_DPTO/CPV200061.rbf
1858564	data/extracted/CP2010ARG/BASE_AMP_DPTO/CPV200048.rbf
1858564	data/extracted/CP2010ARG/BASE_AMP_DPTO/CPV200043.rbf
1858564	data/extracted/CP2010ARG/BASE_AMP_DPTO/CPV200040.rbf
1858564	data/extracted/CP2010ARG/BASE_AMP_DPTO/CPV200039.rbf
1858564	data/extracted/CP2010ARG/BASE_AMP_DPTO/CPV200036.rbf
1743704	data/extracted/CP2010ARG/BASE_AMP_DPTO/INMAT.rbf
1743704	data/extracted/CP2010ARG/BASE_AMP_DPTO/inca.rbf
1743704	data/extracted/CP2010ARG/BASE_AMP_DPTO/INCALCONS.rbf
1743704	data/extracted/CP2010ARG/BASE_AMP_DPTO/CPV200012.rbf
1692772	data/extracted/CP2007PER/CP2007PER/BasePub/Peru0020.rbf
1548084	data/extracted/CP2010BRA/BaseR/CD2010_333.rbf
1548084	data/extracted/CP2010BRA/BaseR/CD2010_332.rbf
1548084	data/extracted/CP2010BRA/BaseR/CD2010_331.rbf
1548084	data/extracted/CP2010BRA/BaseR/CD2010_330.rbf
1548084	data/extracted/CP2010BRA/BaseR/CD2010_329.rbf
1548084	data/extracted/CP2010BRA/BaseR/CD2010_328.rbf
1548084	data/extracted/CP2010BRA/BaseR/CD2010_327.rbf
1548084	data/extracted/CP2010BRA/BaseR/CD2010_326.rbf
1548084	data/extracted/CP2010BRA/BaseR/CD2010_325.rbf
1548084	data/extracted/CP2010BRA/BaseR/CD2010_324.rbf
1548084	data/extracted/CP2010BRA/BaseR/CD2010_323.rbf
1548084	data/extracted/CP2010BRA/BaseR/CD2010_322.rbf
1548084	data/extracted/CP2010BRA/BaseR/CD2010_321.rbf
1548084	data/extracted/CP2010BRA/BaseR/CD2010_320.rbf
1548084	data/extracted/CP2010BRA/BaseR/CD2010_319.rbf
1548084	data/extracted/CP2010BRA/BaseR/CD2010_318.rbf
1548084	data/extracted/CP2010BRA/BaseR/CD2010_317.rbf
1548084	data/extracted/CP2010BRA/BaseR/CD2010_316.rbf
1548084	data/extracted/CP2010BRA/BaseR/CD2010_315.rbf
1548084	data/extracted/CP2010BRA/BaseR/CD2010_314.rbf
1548084	data/extracted/CP2010BRA/BaseR/CD2010_313.rbf
1548084	data/extracted/CP2010BRA/BaseR/CD2010_312.rbf
1548084	data/extracted/CP2010BRA/BaseR/CD2010_311.rbf
1548084	data/extracted/CP2010BRA/BaseR/CD2010_310.rbf
1548084	data/extracted/CP2010BRA/BaseR/CD2010_309.rbf
1548084	data/extracted/CP2010BRA/BaseR/CD2010_308.rbf
1548084	data/extracted/CP2010BRA/BaseR/CD2010_307.rbf
1548084	data/extracted/CP2010BRA/BaseR/CD2010_054.rbf
1548084	data/extracted/CP2010BRA/BaseR/CD2010_051.rbf
1548084	data/extracted/CP2010BRA/BaseR/CD2010_050.rbf
1548084	data/extracted/CP2010BRA/BaseR/CD2010_049.rbf
1548084	data/extracted/CP2010BRA/BaseR/CD2010_048.rbf
1548084	data/extracted/CP2010BRA/BaseR/CD2010_047.rbf
1548084	data/extracted/CP2010BRA/BaseR/CD2010_046.rbf
1548084	data/extracted/CP2010BRA/BaseR/CD2010_045.rbf
1548084	data/extracted/CP2010BRA/BaseR/CD2010_044.rbf
1548084	data/extracted/CP2010BRA/BaseR/CD2010_043.rbf
1548084	data/extracted/CP2010BRA/BaseR/CD2010_042.rbf
1548084	data/extracted/CP2010BRA/BaseR/CD2010_041.rbf
1548084	data/extracted/CP2010BRA/BaseR/CD2010_034.rbf
1548084	data/extracted/CP2010BRA/BaseR/CD2010_022.rbf
1510392	data/extracted/CP2010ARG/BASE_AMP_DPTO/CPV2010Ampliado.dicx
1422824	data/extracted/Cp2000BRA/BaseOriginal/CD1020079.RBF
1341400	data/extracted/CP2010ARG/BASE_AMP_DPTO/CPV200006.ptr
1326180	data/extracted/Cp2000BRA/BaseOriginal/Domicil_Sexo.rbf
1326180	data/extracted/Cp2000BRA/BaseOriginal/CD1020078.RBF
1326180	data/extracted/Cp2000BRA/BaseOriginal/CD1020066.RBF
1326180	data/extracted/Cp2000BRA/BaseOriginal/CD1020064.RBF
1326180	data/extracted/Cp2000BRA/BaseOriginal/CD1020062.RBF
1326180	data/extracted/Cp2000BRA/BaseOriginal/CD1020060.RBF
1326180	data/extracted/Cp2000BRA/BaseOriginal/CD1020058.RBF
1326180	data/extracted/Cp2000BRA/BaseOriginal/CD1020056.RBF
1326180	data/extracted/Cp2000BRA/BaseOriginal/CD1020054.RBF
1326180	data/extracted/Cp2000BRA/BaseOriginal/CD1020052.RBF
1326180	data/extracted/Cp2000BRA/BaseOriginal/CD1020043.RBF
1326180	data/extracted/Cp2000BRA/BaseOriginal/CD1020041.RBF
1326180	data/extracted/Cp2000BRA/BaseOriginal/CD1020039.RBF
1326180	data/extracted/Cp2000BRA/BaseOriginal/CD1020031.RBF
1326180	data/extracted/Cp2000BRA/BaseOriginal/CD1020029.RBF
1326180	data/extracted/Cp2000BRA/BaseOriginal/CD1020024.RBF
1239044	data/extracted/CP2010ARG/BASE_AMP_DPTO/NBI5.rbf
1239044	data/extracted/CP2010ARG/BASE_AMP_DPTO/NBI4.rbf
1239044	data/extracted/CP2010ARG/BASE_AMP_DPTO/NBI3.rbf
1239044	data/extracted/CP2010ARG/BASE_AMP_DPTO/NBI2.rbf
1239044	data/extracted/CP2010ARG/BASE_AMP_DPTO/NBI1.rbf
1239044	data/extracted/CP2010ARG/BASE_AMP_DPTO/CPV200067.rbf
1239044	data/extracted/CP2010ARG/BASE_AMP_DPTO/CPV200066.rbf
1239044	data/extracted/CP2010ARG/BASE_AMP_DPTO/CPV200062.rbf
1239044	data/extracted/CP2010ARG/BASE_AMP_DPTO/CPV200059.rbf
1239044	data/extracted/CP2010ARG/BASE_AMP_DPTO/CPV200056.rbf
1239044	data/extracted/CP2010ARG/BASE_AMP_DPTO/CPV200054.rbf
1239044	data/extracted/CP2010ARG/BASE_AMP_DPTO/CPV200053.rbf
1239044	data/extracted/CP2010ARG/BASE_AMP_DPTO/CPV200052.rbf
1239044	data/extracted/CP2010ARG/BASE_AMP_DPTO/CPV200051.rbf
1239044	data/extracted/CP2010ARG/BASE_AMP_DPTO/CPV200049.rbf
1239044	data/extracted/CP2010ARG/BASE_AMP_DPTO/CPV200044.rbf
1239044	data/extracted/CP2010ARG/BASE_AMP_DPTO/CPV200042.rbf
1239044	data/extracted/CP2010ARG/BASE_AMP_DPTO/CPV200041.rbf
1239044	data/extracted/CP2010ARG/BASE_AMP_DPTO/CPV200038.rbf
1239044	data/extracted/CP2010ARG/BASE_AMP_DPTO/BAJAEDUC.rbf
1239044	data/extracted/CP2010ARG/BASE_AMP_DPTO/ALGUNBI.rbf
1162472	data/extracted/CP2010ARG/BASE_AMP_DPTO/V01V.rbf
1162472	data/extracted/CP2010ARG/BASE_AMP_DPTO/TOTHOG.rbf
1162472	data/extracted/CP2010ARG/BASE_AMP_DPTO/CPV200031.rbf
1162472	data/extracted/CP2010ARG/BASE_AMP_DPTO/CPV200030.rbf
1162472	data/extracted/CP2010ARG/BASE_AMP_DPTO/CPV200029.rbf
1162472	data/extracted/CP2010ARG/BASE_AMP_DPTO/CPV200028.rbf
1162472	data/extracted/CP2010ARG/BASE_AMP_DPTO/CPV200027.rbf
1162472	data/extracted/CP2010ARG/BASE_AMP_DPTO/CPV200026.rbf
1162472	data/extracted/CP2010ARG/BASE_AMP_DPTO/CPV200025.rbf
1162472	data/extracted/CP2010ARG/BASE_AMP_DPTO/CPV200024.rbf
1162472	data/extracted/CP2010ARG/BASE_AMP_DPTO/CPV200023.rbf
1162472	data/extracted/CP2010ARG/BASE_AMP_DPTO/CPV200022.rbf
1162472	data/extracted/CP2010ARG/BASE_AMP_DPTO/CPV200021.rbf
1162472	data/extracted/CP2010ARG/BASE_AMP_DPTO/CPV200020.rbf
1162472	data/extracted/CP2010ARG/BASE_AMP_DPTO/CPV200019.rbf
1162472	data/extracted/CP2010ARG/BASE_AMP_DPTO/CPV200018.rbf
1162472	data/extracted/CP2010ARG/BASE_AMP_DPTO/CPV200017.rbf
1162472	data/extracted/CP2010ARG/BASE_AMP_DPTO/CPV200006.rbf
1139551	data/extracted/Cp1991BRA/Documentos/BR91BOLEBA.pdf
1110662	data/extracted/Cp1991BRA/Documentos/BR91BOLEAM.pdf
1095680	data/extracted/Cp2000BRA/Documentos/DocumentaЗao/Arquivos auxiliares/Lista das Areas de PonderaЗao-Brasil.xls
1081124	data/extracted/Cp1991BRA/BaseOriginal/C1020170.bin
1027392	data/extracted/CP2017CHL/BaseOrg16/CPV2017-16_LKP4.rbf
1006140	data/extracted/Cp1991BRA/Celade/Variables/DomUrbRur.rbf
1006140	data/extracted/Cp1991BRA/BaseOriginal/C1020060.BIN
1006140	data/extracted/Cp1991BRA/BaseOriginal/C1020059.BIN
1006140	data/extracted/Cp1991BRA/BaseOriginal/C1020057.BIN
1006140	data/extracted/Cp1991BRA/BaseOriginal/C1020053.BIN
1006140	data/extracted/Cp1991BRA/BaseOriginal/C1020048.BIN
1006140	data/extracted/Cp1991BRA/BaseOriginal/C1020043.BIN
1006140	data/extracted/Cp1991BRA/BaseOriginal/C1020042.BIN
1006140	data/extracted/Cp1991BRA/BaseOriginal/C1020041.BIN
1006140	data/extracted/Cp1991BRA/BaseOriginal/C1020039.BIN
1006140	data/extracted/Cp1991BRA/BaseOriginal/C1020029.BIN
1006140	data/extracted/Cp1991BRA/BaseOriginal/C1020027.BIN
892440	data/extracted/CP2010BRA/BaseR/CD2010_306.rbf
818755	data/extracted/Cp2000BRA/Documentos/Instrumentos de Coleta/Questionаrio da Amostra.pdf
817885	data/extracted/CP2010BRA/BaseR/CD2010_Amostra.~dicx
815625	data/extracted/CP2010BRA/BaseR/CD2010_Amostra.dicx
799280	data/extracted/Cp2000BRA/BaseOriginal/CD1020022.rbf
727505	data/extracted/Cp2000BRA/Documentos/Instrumentos de Coleta/BR00BOLEB.pdf
724442	data/extracted/CP2010ARG/Docs/Colectivas.pdf
690176	data/extracted/Cp2000BRA/Documentos/DocumentaЗao/DocumentaЗao.doc
670825	data/extracted/Cp2000BRA/Documentos/coleta.pdf
670698	data/extracted/CP2010ARG/BASE_AMP_DPTO/CPV200004.rbf
663092	data/extracted/Cp2000BRA/BaseOriginal/CD1020073.RBF
663092	data/extracted/Cp2000BRA/BaseOriginal/CD1020071.RBF
663092	data/extracted/Cp2000BRA/BaseOriginal/CD1020069.RBF
663092	data/extracted/Cp2000BRA/BaseOriginal/CD1020067.RBF
663092	data/extracted/Cp2000BRA/BaseOriginal/CD1020065.RBF
663092	data/extracted/Cp2000BRA/BaseOriginal/CD1020063.RBF
663092	data/extracted/Cp2000BRA/BaseOriginal/CD1020061.RBF
663092	data/extracted/Cp2000BRA/BaseOriginal/CD1020059.RBF
663092	data/extracted/Cp2000BRA/BaseOriginal/CD1020057.RBF
663092	data/extracted/Cp2000BRA/BaseOriginal/CD1020055.RBF
663092	data/extracted/Cp2000BRA/BaseOriginal/CD1020053.RBF
663092	data/extracted/Cp2000BRA/BaseOriginal/CD1020051.RBF
663092	data/extracted/Cp2000BRA/BaseOriginal/CD1020049.RBF
663092	data/extracted/Cp2000BRA/BaseOriginal/CD1020047.RBF
663092	data/extracted/Cp2000BRA/BaseOriginal/CD1020046.RBF
663092	data/extracted/Cp2000BRA/BaseOriginal/CD1020044.RBF
663092	data/extracted/Cp2000BRA/BaseOriginal/CD1020042.RBF
663092	data/extracted/Cp2000BRA/BaseOriginal/CD1020040.RBF
663092	data/extracted/Cp2000BRA/BaseOriginal/CD1020038.RBF
663092	data/extracted/Cp2000BRA/BaseOriginal/CD1020036.RBF
663092	data/extracted/Cp2000BRA/BaseOriginal/CD1020034.RBF
663092	data/extracted/Cp2000BRA/BaseOriginal/CD1020032.RBF
663092	data/extracted/Cp2000BRA/BaseOriginal/CD1020030.RBF
659657	data/extracted/Cp2000BRA/Celade/CPV2000BRA_Celade.dicx
659616	data/extracted/Cp2000BRA/Celade/CPV2000BRA_Celade.~dicX
653855	data/extracted/CP2010ARG/Docs/basico.pdf
651776	data/extracted/CP2010BRA/BaseR/CD2010_018.rbf
631841	data/extracted/Cp2000BRA/BaseOriginal/CD102_PUBLICO.dicx
631800	data/extracted/Cp2000BRA/BaseOriginal/CD102_PUBLICO.~dicX
589814	data/extracted/CP2017PER/BaseD/BaseR/CPVPER2017D.wxp
568320	data/extracted/Cp2000BRA/Documentos/DocumentaЗao/Arquivos auxiliares/FraЗoes.doc
533983	data/extracted/CP2010BRA/Docs/Notas Metodolвgicas - Microdados da Amostra-2010.pdf
498423	data/extracted/CP2017PER/BaseD/BaseR/CPVPER2017D.dic
477244	data/extracted/CP2007PER/CP2007PER/BasePub/CPV2007PER_PUB.dic
456101	data/extracted/CP2007PER/CP2007PER/Docs/Reporte Variables.xlsx
446774	data/extracted/CP2017CHL/BaseOrg16/CPV2017-16.dicx
444552	data/extracted/CP2017CHL/BaseOrg16/CPV2017-16.~dicX
434688	data/extracted/Cp2000BRA/Documentos/DocumentaЗao/Arquivos auxiliares/Municбpios e Paбs Estrangeiro - V4276.xls
430216	data/extracted/CP2010BRA/BaseR/CD2010_297.rbf
430080	data/extracted/Cp2000BRA/Documentos/DocumentaЗao/Arquivos auxiliares/Municбpios-V4250.xls
395563	data/extracted/CP2017CHL/Docs/CUESTIONARIO-CENSO-2017-OF.pdf
356160	data/extracted/CP2010BRA/BaseR/CD2010_015.rbf
356160	data/extracted/CP2010BRA/BaseR/CD2010_013.rbf
356160	data/extracted/CP2010BRA/BaseR/CD2010_010.rbf
349684	data/extracted/Cp1991BRA/Celade/CPV1991BRA_Celade.dicX
346550	data/extracted/CP2017CHL/Docs/Censo2017_Nombres_Id_Geogrаfica/Glosas_LOCALIDAD.txt
346550	data/extracted/CP2017CHL/Docs/Censo2017_Nombres_Id_Geogrаfica/Glosas_LOCALIDAD_15R.txt
340807	data/extracted/CP2010BRA/Docs/Descrição das variáveis - Microdados da amostra do Censo D….pdf
327680	data/extracted/Cp1991BRA/BaseOriginal/C102.MDB
322951	data/extracted/Cp1991BRA/BaseOriginal/C102.~wipX
318464	data/extracted/CP2010BRA/Docs/DescriЗ▌o das variаveis - Microdados da amostra do Censo Demogrаfico 20101.doc
318217	data/extracted/CP2010ARG/BASE_AMP_DPTO/CPV2010Ampliado.dic
307225	data/extracted/Cp1991BRA/BaseOriginal/C102.dicx
261166	data/extracted/CP2017PER/Docs/Ficha TВcnica del Censo.pdf
258240	data/extracted/Cp2000BRA/BaseOriginal/CD1020020.rbf
253240	data/extracted/Cp2000BRA/BaseOriginal/CD1020017.rbf
240042	data/extracted/CP2010ARG/BASE_AMP_DPTO/LOC - CODNOM2.TXT
237056	data/extracted/Cp2000BRA/Documentos/DocumentaЗao/Arquivos auxiliares/OcupaЗao-Estrutura.doc
231922	data/extracted/Cp2000BRA/Documentos/Instrumentos de Coleta/Manual do Recenseador.pdf
220280	data/extracted/Cp2000BRA/BaseOriginal/CD1020014.rbf
220280	data/extracted/Cp2000BRA/BaseOriginal/CD1020013.rbf
220280	data/extracted/Cp2000BRA/BaseOriginal/CD1020012.rbf
199267	data/extracted/CP2017CHL/Docs/CUESTIONARIO-CENSO-2017-VIVIENDAS-COLECTIVAS.pdf
198688	data/extracted/CP2017CHL/Docs/CUESTIONARIO-CENSO-2017-TRANSITO.pdf
197888	data/extracted/CP2010ARG/BASE_AMP_DPTO/CPV200005.ptr
197120	data/extracted/CP2017CHL/BaseOrg16/CPV2017-16_LKP3.rbf
179640	data/extracted/Cp1991BRA/BaseOriginal/C1020014.BIN
175040	data/extracted/CP2010BRA/BaseR/CD2010_Amostra.wxp
174047	data/extracted/Cp1991BRA/BaseOriginal/C102.~dicx
161332	data/extracted/CP2010BRA/BaseR/CD2010_292.rbf
158140	data/extracted/Cp2000BRA/Celade/CPV2000BRA_Celade.dic
156431	data/extracted/CP2010ARG/BASE_AMP_DPTO/MUNI - CODNOM.TXT
155805	data/extracted/CP2007PER/CP2007PER/BasePub/Peru0104.rbf
154435	data/extracted/Cp2000BRA/BaseOriginal/CD102_PUBLICO.dic
149920	data/extracted/CP2017PER/BaseD/BaseR/PERU0024.rbf
139444	data/extracted/CP2010BRA/BaseR/CD2010_300.rbf
110688	data/extracted/CP2007PER/CP2007PER/Docs/Cedula Censal.pdf
98942	data/extracted/CP2010ARG/BASE_AMP_DPTO/CPV200003.rbf
97612	data/extracted/CP2010BRA/BaseR/CD2010_301.rbf
97612	data/extracted/CP2010BRA/BaseR/CD2010_298.rbf
97280	data/extracted/Cp2000BRA/Documentos/DocumentaЗao/Arquivos auxiliares/CnaeDom-Estrutura.xls
94112	data/extracted/CP2010BRA/BaseR/CD2010_291.rbf
94112	data/extracted/CP2010BRA/BaseR/CD2010_290.rbf
80896	data/extracted/Cp2000BRA/Documentos/DocumentaЗao/Arquivos auxiliares/Estrutura de Religiao - V4090.doc
77472	data/extracted/Cp2000BRA/BaseOriginal/SUBDIST_UFSUBDIST.rbf
67224	data/extracted/CP2010BRA/BaseR/EMIGRA_EMPAISA.RBF
66279	data/extracted/CP2017CHL/BaseOrg16/CPV2017-16.wxp
64216	data/extracted/CP2017CHL/BaseOrg16/CPV2017-1607.ptr
61104	data/extracted/CP2010BRA/BaseR/CD2010_016.rbf
60872	data/extracted/Cp1991BRA/BaseOriginal/C102.wxp
60778	data/extracted/CP2010BRA/Docs/Questionаrio da Amostra_Censo 2010.pdf
59946	data/extracted/Cp2000BRA/BaseOriginal/CD1020021.RBF
58741	data/extracted/CP2017PER/Docs/Ficha TВcnica del REDATAM.pdf
55780	data/extracted/CP2010BRA/BaseR/CD2010_305.rbf
55780	data/extracted/CP2010BRA/BaseR/CD2010_304.rbf
55780	data/extracted/CP2010BRA/BaseR/CD2010_303.rbf
55780	data/extracted/CP2010BRA/BaseR/CD2010_302.rbf
55780	data/extracted/CP2010BRA/BaseR/CD2010_299.rbf
55229	data/extracted/CP2017CHL/Docs/Censo2017_Nombres_Id_Geogrаfica/Glosas_DISTRITO.txt
55229	data/extracted/CP2017CHL/Docs/Censo2017_Nombres_Id_Geogrаfica/Glosas_DISTRITO_15R.txt
52224	data/extracted/Cp2000BRA/Documentos/DocumentaЗao/Arquivos auxiliares/Municбpios Com Mais de Uma Area de PonderaЗao.xls
51004	data/extracted/Cp1991BRA/Celade/CPV1991BRA_Celade.dic
49985	data/extracted/CP2007PER/CP2007PER/Docs/Ficha TВcnica del Censo.pdf
48290	data/extracted/Cp1991BRA/Celade/CPV1991BRA_Celade.~di
48159	data/extracted/CP2017CHL/BaseOrg16/CPV2017-1611.rbf
48041	data/extracted/CP2017CHL/BaseOrg16/CPV2017-16.dic
46806	data/extracted/Cp1991BRA/BaseOriginal/C102.~di
41654	data/extracted/Cp1991BRA/BaseOriginal/C102.DIC(Respaldo del Original)
40740	data/extracted/CP2010BRA/BaseR/CD2010_005.ptr
40736	data/extracted/CP2010BRA/BaseR/CD2010_019.rbf
39968	data/extracted/Cp2000BRA/BaseOriginal/CD1020007.PTR
39545	data/extracted/Cp1991BRA/BaseOriginal/C102.dic
36344	data/extracted/CP2007PER/CP2007PER/Docs/Ficha TВcnica del REDATAM.pdf
34457	data/extracted/CP2007PER/CP2007PER/Docs/Ficha TВcnica de la Base de datos.pdf
29337	data/extracted/CP2017PER/Docs/Ficha TВcnica de la Base de datos.pdf
27825	data/extracted/CP2010BRA/BaseR/CD2010_007.rbf
27648	data/extracted/Cp2000BRA/Documentos/DocumentaЗao/Arquivos auxiliares/Cursos Superiores - Estrutura V4535.xls
27535	data/extracted/Cp2000BRA/BaseOriginal/CD1020006.RBF
26892	data/extracted/CP2010BRA/BaseR/CD2010_296.rbf
26892	data/extracted/CP2010BRA/BaseR/CD2010_295.rbf
26892	data/extracted/CP2010BRA/BaseR/CD2010_294.rbf
26892	data/extracted/CP2010BRA/BaseR/CD2010_293.rbf
26892	data/extracted/CP2010BRA/BaseR/CD2010_289.rbf
26350	data/extracted/CP2010ARG/BASE_AMP_DPTO/CPV20304.rbf
25828	data/extracted/Cp2000BRA/BaseOriginal/CD1020006.PTR
25464	data/extracted/CP2010BRA/BaseR/CD2010_017.rbf
25332	data/extracted/Cp2000BRA/BaseOriginal/DISTRITO_UFDIST.rbf
25328	data/extracted/Cp2000BRA/BaseOriginal/CD1020005.PTR
22320	data/extracted/Cp1991BRA/BaseOriginal/C1020010.BIN
22268	data/extracted/CP2010BRA/BaseR/CD200016.rbf
22268	data/extracted/CP2010BRA/BaseR/CD200008.rbf
22264	data/extracted/CP2010BRA/BaseR/CD2010_004.ptr
22260	data/extracted/CP2010BRA/BaseR/CD2010_014.rbf
22260	data/extracted/CP2010BRA/BaseR/CD2010_012.rbf
22260	data/extracted/CP2010BRA/BaseR/CD2010_011.rbf
22144	data/extracted/CP2017CHL/BaseOrg16/CPV2017-16_LKP2.rbf
22036	data/extracted/Cp2000BRA/BaseOriginal/MUNIC_UFMICRO.rbf
22036	data/extracted/Cp2000BRA/BaseOriginal/CD1020011.RBF
22036	data/extracted/Cp2000BRA/BaseOriginal/CD1020010.RBF
22032	data/extracted/Cp2000BRA/BaseOriginal/CD1020004.PTR
21652	data/extracted/CP2010ARG/BASE_AMP_DPTO/CPV200004.ptr
19968	data/extracted/Cp2000BRA/Documentos/DocumentaЗao/Arquivos auxiliares/Estrutura MigraЗao V4230.xls
19968	data/extracted/Cp2000BRA/Documentos/DocumentaЗao/Arquivos auxiliares/Estrutura MigraЗao V4210, V4260.xls
19178	data/extracted/CP2017CHL/Docs/LEAME.docx
18761	data/extracted/Cp1991BRA/BaseOriginal/IND1.WPM
17968	data/extracted/Cp1991BRA/BaseOriginal/C1020015.PTR
17964	data/extracted/Cp1991BRA/BaseOriginal/C1020013.BIN
15504	data/extracted/CP2017CHL/BaseOrg16/CPV2017-1606.ptr
12912	data/extracted/Cp2000BRA/BaseOriginal/CD1020018.RBF
12662	data/extracted/Cp2000BRA/BaseOriginal/CD1020015.RBF
12324	data/extracted/CP2017CHL/BaseOrg16/CPV2017-1605.ptr
11828	data/extracted/CP2010BRA/BaseR/CD2010_008.rbf
11700	data/extracted/CP2007PER/CP2007PER/BasePub/Peru0072.rbf
11016	data/extracted/Cp2000BRA/BaseOriginal/MUNIC_UFMESO.rbf
11016	data/extracted/Cp2000BRA/BaseOriginal/CD1020008.RBF
10824	data/extracted/CP2010ARG/BASE_AMP_DPTO/CPV200002.rbf
9800	data/extracted/CP2017PER/BaseD/BaseR/PERU0016.rbf
9529	data/extracted/CP2010ARG/BASE_AMP_DPTO/DPTOS.TXT
7500	data/extracted/CP2017PER/BaseD/BaseR/CPVPER2017D-0004.ptr
7336	data/extracted/CP2007PER/CP2007PER/BasePub/Peru0004.ptr
6460	data/extracted/Cp2000BRA/BaseOriginal/CD1020019.RBF
6332	data/extracted/Cp2000BRA/BaseOriginal/CD1020016.RBF
6160	data/extracted/CP2017CHL/BaseOrg16/CPV2017-1607.rbf
5857	data/extracted/CP2017CHL/Docs/Censo2017_Nombres_Id_Geogrаfica/Glosas_COMUNA.txt
5857	data/extracted/CP2017CHL/Docs/Censo2017_Nombres_Id_Geogrаfica/Glosas_COMUNA_15R.txt
5508	data/extracted/Cp2000BRA/BaseOriginal/CD1020009.RBF
5508	data/extracted/Cp2000BRA/BaseOriginal/CD1020007.RBF
5480	data/extracted/Cp1991BRA/BaseOriginal/C1020007.BIN
4872	data/extracted/CP2010BRA/BaseR/CD2010_009.rbf
3875	data/extracted/CP2017CHL/BaseOrg16/CPV2017-1609.rbf
3748	data/extracted/CP2017PER/BaseD/BaseR/CPVPER2017D-0002.rbf
3666	data/extracted/CP2007PER/CP2007PER/BasePub/Peru0002.rbf
3584	data/extracted/CP2017CHL/BaseOrg16/CPV2017-16_LKP1.rbf
2944	data/extracted/Cp1991BRA/Celade/Programas/ParaIndicSocEc_PanoramaSoc2005/Equip/2INDBIENBR91.spc
2916	data/extracted/Cp2000BRA/Celade/Programas/ParaIndicSocEc_PanoramaSoc2005/Equip/2INDBIENBR02_v2.spc
2248	data/extracted/Cp1991BRA/BaseOriginal/C1020012.BIN
2236	data/extracted/Cp1991BRA/BaseOriginal/C1020011.PTR
2112	data/extracted/CP2010ARG/BASE_AMP_DPTO/CPV200003.ptr
1728	data/extracted/CP2010BRA/BaseR/CD2010_006.rbf
1674	data/extracted/Cp1991BRA/BaseOriginal/C1020009.BIN
1581	data/extracted/CP2010ARG/BASE_AMP_DPTO/CPV200001.rbf
1579	data/extracted/Cp1991BRA/Celade/Programas/ParaIndicSocEc_PanoramaSoc2005/ParaEstimaciones/NewVars.spc
1431	data/extracted/CP2017PER/BaseD/CPV2017 Distrito.prjX
1388	data/extracted/CP2017CHL/BaseOrg16/CPV2017-1604.ptr
1279	data/extracted/Cp2000BRA/Celade/Programas/ParaIndicSocEc_PanoramaSoc2005/Educ/3INDEDUHOG_BR02.spc
1279	data/extracted/Cp1991BRA/Celade/Programas/ParaIndicSocEc_PanoramaSoc2005/Educ/3INDEDUHOG_BR91.spc
1200	data/extracted/CP2010ARG/BASE_AMP_DPTO/CPV20296.rbf
1120	data/extracted/CP2010ARG/BASE_AMP_DPTO/DPTO.rbf
1120	data/extracted/CP2010ARG/BASE_AMP_DPTO/DPTOQ.rbf
1080	data/extracted/Cp2000BRA/BaseOriginal/CD1020005.rbf
1080	data/extracted/Cp1991BRA/BaseOriginal/C1020004.BIN
1024	data/extracted/CP2017CHL/BaseOrg16/CPV2017-16_LKP.rbf
1000	data/extracted/CP2017PER/BaseD/BaseR/PERU0008.rbf
975	data/extracted/Cp1991BRA/Celade/Programas/ParaIndicSocEc_PanoramaSoc2005/DeOrdenGeneral/RECODEEDDAD5BR91.spc
972	data/extracted/CP2017CHL/BaseOrg16/CPV2017-1610.rbf
952	data/extracted/Cp2000BRA/Celade/Programas/ParaIndicSocEc_PanoramaSoc2005/DeOrdenGeneral/RECODEEDDAD5BR02.spc
951	data/extracted/Cp1991BRA/Celade/Programas/ParaIndicSocEc_PanoramaSoc2005/Educ/1NEDUBR91.spc
943	data/extracted/Cp2000BRA/Celade/Programas/ParaIndicSocEc_PanoramaSoc2005/Educ/1NEDUBR02.spc
875	data/extracted/CP2007PER/CP2007PER/BasePub/Peru0096.rbf
850	data/extracted/CP2017CHL/Docs/Censo2017_Nombres_Id_Geogrаfica/Glosas_PROVINCIA.txt
822	data/extracted/CP2017CHL/Docs/Censo2017_Nombres_Id_Geogrаfica/Glosas_PROVINCIA_15R.txt
788	data/extracted/CP2017PER/BaseD/BaseR/CPVPER2017D-0003.ptr
787	data/extracted/Cp2000BRA/Celade/Programas/ParaIndicSocEc_PanoramaSoc2005/Equip/QUINTILRUR_BR02B.spc
785	data/extracted/Cp2000BRA/Celade/Programas/ParaIndicSocEc_PanoramaSoc2005/Equip/QUINTILURB_BR02B.spc
784	data/extracted/CP2007PER/CP2007PER/BasePub/Peru0003.ptr
782	data/extracted/Cp1991BRA/Celade/Programas/ParaIndicSocEc_PanoramaSoc2005/Equip/QUINTILRUR_BR91B.spc
757	data/extracted/Cp1991BRA/Celade/Programas/ParaIndicSocEc_PanoramaSoc2005/Equip/QUINTILURB_BR91B.spc
692	data/extracted/CP2017CHL/BaseOrg16/CPV2017-16_COMUNA_REDCODEN.rbf
692	data/extracted/CP2017CHL/BaseOrg16/CPV2017-1605.rbf
589	data/extracted/Cp1991BRA/Celade/Programas/ParaIndicSocEc_PanoramaSoc2005/IndFinal/7INDISEBR91.spc
576	data/extracted/Cp1991BRA/Celade/Programas/ParaIndicSocEc_PanoramaSoc2005/ParaEstimaciones/TestVarsHijOrig.spc
564	data/extracted/Cp1991BRA/Celade/Programas/ParaIndicSocEc_PanoramaSoc2005/Educ/2NEDUHOG_BR91.spc
563	data/extracted/Cp2000BRA/Celade/Programas/ParaIndicSocEc_PanoramaSoc2005/Educ/2NEDUHOG_BR02.spc
557	data/extracted/Cp1991BRA/Celade/Programas/ParaIndicSocEc_PanoramaSoc2005/ParaEstimaciones/CreaHijultan91.spc
553	data/extracted/Cp2000BRA/Celade/Programas/ParaIndicSocEc_PanoramaSoc2005/ParaEstimaciones/CreaHijultan2002.spc
552	data/extracted/Cp1991BRA/BaseOriginal/C1020008.PTR
532	data/extracted/Cp2000BRA/Celade/Programas/ParaIndicSocEc_PanoramaSoc2005/IndFinal/7INDISEBR02.spc
476	data/extracted/Cp1991BRA/Celade/Programas/ParaIndicSocEc_PanoramaSoc2005/Equip/1VAREA_BR91.spc
402	data/extracted/CP2010BRA/BaseR/CPV2010BRA Amostra.prjX
399	data/extracted/CP2007PER/CP2007PER/BasePub/CPV2007PER_PUB.prjX
397	data/extracted/CP2017CHL/BaseOrg16/CPV2017-16 regiones.prjX
392	data/extracted/CP2017PER/BaseD/BaseR/CPVPER2017D-0001.rbf
390	data/extracted/CP2007PER/CP2007PER/BasePub/Peru0001.rbf
348	data/extracted/CP2010ARG/BASE_AMP_DPTO/Provincias.TXT
339	data/extracted/CP2017CHL/Docs/Censo2017_Nombres_Id_Geogrаfica/Glosas_REGION.txt
328	data/extracted/CP2017CHL/Docs/Censo2017_Nombres_Id_Geogrаfica/Glosas_REGION_15R.txt
320	data/extracted/CP2010BRA/BaseR/CD2010_003.rbf
286	data/extracted/Cp1991BRA/Celade/Programas/ParaIndicSocEc_PanoramaSoc2005/Equip/1PAREA_BR91.spc
274	data/extracted/Cp2000BRA/Celade/Programas/ParaIndicSocEc_PanoramaSoc2005/Equip/1PAREA_BR02.spc
274	data/extracted/Cp1991BRA/BaseOriginal/C1020006.BIN
228	data/extracted/CP2017CHL/BaseOrg16/CPV2017-1603.ptr
200	data/extracted/Cp2000BRA/BaseOriginal/CD1020002.rbf
157	data/extracted/Cp1991BRA/BaseOriginal/IND1log.tmp
112	data/extracted/CP2017CHL/BaseOrg16/CPV2017-16_PROVINCI_REDCODEN.rbf
112	data/extracted/CP2010BRA/BaseR/CD2010_003.ptr
112	data/extracted/Cp2000BRA/BaseOriginal/CD1020003.PTR
112	data/extracted/Cp1991BRA/BaseOriginal/C1020005.PTR
104	data/extracted/CP2017PER/BaseD/BaseR/CPVPER2017D-0002.ptr
104	data/extracted/CP2007PER/CP2007PER/BasePub/Peru0002.ptr
100	data/extracted/CP2010ARG/BASE_AMP_DPTO/CPV200002.ptr
68	data/extracted/CP2017CHL/BaseOrg16/CPV2017-1602.ptr
64	data/extracted/Cp1991BRA/BaseOriginal/C102.ldb
56	data/extracted/CP2017CHL/BaseOrg16/CPV2017-1603.rbf
54	data/extracted/Cp1991BRA/BaseOriginal/C1020003.BIN
50	data/extracted/CP2017PER/BaseD/BaseR/CPVPER2017D-0000.rbf
50	data/extracted/CP2007PER/CP2007PER/BasePub/Peru0000.rbf
48	data/extracted/CP2010ARG/BASE_AMP_DPTO/CPV200000.rbf
32	data/extracted/CP2017CHL/BaseOrg16/CPV2017-16_REGION_REDCODEN.rbf
32	data/extracted/CP2017CHL/BaseOrg16/CPV2017-1601.rbf
28	data/extracted/Cp2000BRA/BaseOriginal/CD1020004.RBF
27	data/extracted/CP2010BRA/BaseR/CD2010_004.rbf
27	data/extracted/Cp2000BRA/BaseOriginal/CD1020003.RBF
24	data/extracted/CP2010BRA/BaseR/CD2010_005.rbf
24	data/extracted/CP2010BRA/BaseR/CD2010_002.ptr
24	data/extracted/CP2010ARG/BASE_AMP_DPTO/PROV.rbf
24	data/extracted/Cp2000BRA/BaseOriginal/CD1020002.PTR
8	data/extracted/CP2017PER/BaseD/BaseR/CPVPER2017D-0001.ptr
8	data/extracted/CP2017CHL/BaseOrg16/CPV2017-16_CENSO.ptr
8	data/extracted/CP2017CHL/BaseOrg16/CPV2017-1601.ptr
8	data/extracted/CP2010BRA/BaseR/CD2010_001.ptr
8	data/extracted/CP2010ARG/BASE_AMP_DPTO/CPV200001.ptr
8	data/extracted/CP2007PER/CP2007PER/BasePub/Peru0001.ptr
8	data/extracted/Cp2000BRA/BaseOriginal/CD1020001.PTR
8	data/extracted/Cp1991BRA/BaseOriginal/C1020002.PTR
5	data/extracted/CP2010BRA/BaseR/CD2010_001.rbf
5	data/extracted/Cp2000BRA/BaseOriginal/CD1020000.RBF
4	data/extracted/CP2010BRA/BaseR/CD2010_002.rbf
4	data/extracted/Cp2000BRA/BaseOriginal/CD1020001.RBF
1	data/extracted/CP2017CHL/BaseOrg16/CPV2017-16_CENSO.rbf
0	data/extracted/CP2017PER/BaseD/BaseR/CPVPER2017D-0000.ptr
0	data/extracted/CP2010BRA/BaseR/CD2010_000.ptr
0	data/extracted/CP2010ARG/BASE_AMP_DPTO/CPV200000.ptr
0	data/extracted/CP2007PER/CP2007PER/BasePub/Peru0000.ptr
0	data/extracted/Cp2000BRA/BaseOriginal/CD1020000.PTR
0	data/extracted/Cp1991BRA/BaseOriginal/C1020001.BIN
0	data/extracted/Cp1991BRA/BaseOriginal/C1020000.PTR
